number,standards,investments,services,procurement,competition,iprs,source,base
1,0.0,0.0,0.0,0.0,1.0,0.0,WB,1
10,0.5079365079365079,0.5079365079365079,0.0,0.0,0.0,0.5079365079365079,DESTA,10
100,0.0,1.0,1.0,0.0,0.0,0.0,WB,100
100+1,0.0,0.0,0.0,0.0,0.0,0.0,WB,100
1003,0.0,0.0,0.0,0.0,0.0,0.0,uncoded,1003
1007,1.0,1.0,1.0,1.0,1.0,1.0,WB,1007
1008a,1.0,1.0,1.0,1.0,1.0,1.0,WB,874
1012,1.0,0.0,0.0,0.0,0.0,0.0,WB,1012
1013,1.0,1.0,1.0,0.0,1.0,1.0,WB,1013
1014,1.0,1.0,1.0,0.0,1.0,1.0,WB,1014
1015,0.0,1.0,1.0,1.0,1.0,1.0,WB,1015
1016a,1.0,1.0,1.0,1.0,1.0,1.0,WB,810
1017a,1.0,1.0,1.0,1.0,1.0,1.0,WB,815
1018,0.0,0.0,0.0,0.0,0.0,0.0,uncoded,1018
1019a,1.0,1.0,1.0,1.0,0.0,1.0,WB,799
1020a,1.0,1.0,1.0,1.0,0.0,1.0,WB,202
1021a,0.0,0.0,0.0,0.0,1.0,0.0,WB,307
1022,1.0,1.0,1.0,1.0,1.0,1.0,WB,1022
1023,0.0,0.0,0.0,0.0,0.0,1.0,WB,1023
1024a,1.0,1.0,1.0,1.0,1.0,1.0,WB,316
1025a,0.0,1.0,0.0,0.0,1.0,1.0,WB-母协定,318
1027a,0.0,1.0,1.0,0.0,1.0,1.0,WB,323
1031,0.0,0.0,0.0,0.0,0.0,0.0,uncoded,1031
1031+1,0.0,0.0,0.0,0.0,0.0,0.0,uncoded,1031
1031+2,1.0,0.0,0.0,0.0,0.0,0.0,WB,1031
1035,0.0,0.0,0.0,0.0,0.0,0.0,uncoded,1035
1036,1.0,1.0,1.0,1.0,1.0,1.0,WB,1036
1037,1.0,1.0,1.0,0.0,0.0,1.0,WB,1037
104,0.0,0.0,0.0,0.0,0.0,0.0,uncoded,104
1040,0.0,0.0,0.0,0.0,0.0,0.0,uncoded,1040
1040+1,1.0,1.0,1.0,0.0,0.0,1.0,WB,1040
1040+2,1.0,1.0,1.0,1.0,1.0,1.0,WB,1040
1043,0.0,0.0,0.0,0.0,0.0,0.0,uncoded,1043
1044,0.0,1.0,1.0,0.0,1.0,1.0,WB,1044
1045a,0.8773388773388774,0.8773388773388774,0.8773388773388774,0.8773388773388774,0.0,0.8773388773388774,DESTA,908
1046,1.0,1.0,1.0,1.0,1.0,1.0,WB,1046
1047,1.0,1.0,1.0,0.0,1.0,1.0,WB,1047
1048,1.0,0.0,0.0,0.0,0.0,1.0,WB,1048
1049,1.0,1.0,1.0,1.0,1.0,1.0,WB,1049
105,0.0,0.0,0.0,0.0,0.0,0.0,uncoded,105
1050a,0.0,1.0,1.0,0.0,1.0,1.0,WB,304
1051,1.0,0.0,1.0,0.0,0.0,0.0,WB,1051
1052,1.0,0.0,0.0,0.0,0.0,0.0,WB,1052
1053,1.0,1.0,1.0,1.0,1.0,1.0,WB,1053
1054a,0.0,1.0,1.0,1.0,1.0,1.0,WB,328
1055a,1.0,1.0,1.0,1.0,1.0,1.0,WB,874
1056,1.0,1.0,1.0,1.0,1.0,1.0,WB,1056
1057a,1.0,1.0,1.0,1.0,1.0,1.0,WB,877
1058,1.0,0.0,0.0,0.0,0.0,1.0,WB,1058
1059a,1.0,1.0,1.0,1.0,1.0,1.0,WB,848
106,0.0,0.0,0.0,0.0,0.0,0.0,uncoded,106
1060a,1.0,1.0,1.0,1.0,1.0,0.0,WB-母协定,330
1061,1.0,0.0,0.0,0.0,1.0,0.0,WB,1061
1062,0.0,0.0,0.0,0.0,0.0,0.0,WB,1062
1062+1,0.0,0.0,0.0,0.0,0.0,0.0,WB-母协定,1062
1062+2,0.0,0.0,0.0,0.0,0.0,0.0,WB-母协定,1062
1063,0.0,0.0,0.0,0.0,0.0,0.0,uncoded,1063
1064,0.0,0.0,0.0,0.0,0.0,0.0,uncoded,1064
1065a,0.0,0.0,0.0,0.0,1.0,0.0,WB-母协定,165
1066,1.0,0.0,0.0,0.0,0.0,0.0,WB,1066
1067,0.0,0.0,0.0,0.0,0.0,0.0,uncoded,1067
1072,0.0,0.0,0.0,0.0,0.0,0.0,uncoded,1072
1073,0.0,0.0,0.0,0.0,0.0,0.0,uncoded,1073
1074a,0.0,0.0,0.0,0.0,1.0,1.0,WB-母协定,199
1075a,0.0,1.0,1.0,1.0,1.0,0.0,WB-母协定,161
1076,0.0,0.0,0.0,0.0,0.0,0.0,uncoded,1076
1078,0.0,0.0,0.0,0.0,0.0,0.0,uncoded,1078
1079a,0.0,0.0,0.0,0.0,0.0,0.0,uncoded,464
1081,0.0,0.0,0.0,0.0,0.0,0.0,uncoded,1081
1083,0.0,0.0,0.0,0.0,0.0,0.0,uncoded,1083
1084,0.0,0.0,0.0,0.0,1.0,1.0,WB,1084
1085,0.0,0.0,0.0,0.0,0.0,0.0,uncoded,1085
1089,1.0,1.0,0.0,1.0,0.0,1.0,WB,1089
109,0.0,0.0,0.0,0.0,0.0,0.0,DESTA,109
1092,1.0,1.0,1.0,1.0,1.0,1.0,WB,1092
1093a,0.8230088495575221,0.8230088495575221,0.8230088495575221,0.8230088495575221,0.8230088495575221,0.8230088495575221,DESTA,874
1095,0.0,0.0,0.0,0.0,0.0,0.0,uncoded,1095
1097,1.0,1.0,0.0,0.0,0.0,1.0,WB,1097
1098,0.0,0.0,0.0,0.0,0.0,0.0,uncoded,1098
1099,0.0,0.0,0.0,0.0,0.0,0.0,uncoded,1099
11,0.5079365079365079,0.5079365079365079,0.0,0.0,0.0,0.5079365079365079,DESTA,11
1100,0.0,0.0,0.0,0.0,0.0,0.0,uncoded,1100
1102,0.0,0.0,0.0,0.0,0.0,0.0,uncoded,1102
1106,0.0,0.0,0.0,0.0,0.0,0.0,uncoded,1106
1107,0.0,0.0,0.0,0.0,0.0,0.0,uncoded,1107
1108a,1.0,1.0,0.0,0.0,0.0,1.0,WB-母协定,224
1109a,1.0,1.0,1.0,0.0,1.0,1.0,WB-母协定,222
1110a,0.0,0.0,0.0,0.0,0.0,0.0,uncoded,988
1112a,1.0,0.0,0.0,1.0,1.0,0.0,WB-母协定,855
1114a,1.0,1.0,1.0,0.0,1.0,1.0,WB-母协定,82
1117,0.0,0.0,0.0,0.0,0.0,0.0,uncoded,1117
1119,0.0,0.0,0.0,0.0,0.0,0.0,uncoded,1119
112,0.5079365079365079,0.0,0.0,0.0,0.0,0.0,DESTA,112
1121a,0.0,0.0,0.0,0.0,0.0,0.0,uncoded,685
1126,0.0,0.0,0.0,0.0,0.0,0.0,uncoded,1126
1132,0.0,0.0,0.0,0.0,0.0,0.0,uncoded,1132
1133,0.0,0.0,0.0,0.0,0.0,0.0,uncoded,1133
1135,0.0,0.0,0.0,0.0,0.0,0.0,uncoded,1135
1139,0.0,0.0,0.0,0.0,0.0,0.0,uncoded,1139
114,0.0,0.0,0.0,0.0,1.0,0.0,WB,114
1142a,0.0,0.0,0.0,0.0,0.0,0.0,uncoded,1095
115,0.8773388773388774,0.8773388773388774,0.0,0.0,0.0,0.0,DESTA,115
116,0.0,0.0,0.0,0.0,0.0,0.0,WB,116
117,0.0,0.0,0.0,0.0,0.0,0.0,DESTA,117
118,0.0,0.0,0.0,0.0,0.0,0.0,uncoded,118
119,0.7586206896551724,0.7586206896551724,0.0,0.0,0.7586206896551724,0.0,DESTA,119
12,0.5079365079365079,0.5079365079365079,0.0,0.0,0.0,0.5079365079365079,DESTA,12
120,0.0,0.0,0.0,0.0,0.0,0.0,uncoded,120
121,0.7586206896551724,0.7586206896551724,0.0,0.0,0.0,0.0,DESTA,121
122,0.0,0.0,0.0,0.0,0.0,0.0,uncoded,122
123,0.7586206896551724,0.7586206896551724,0.0,0.0,0.7586206896551724,0.0,DESTA,123
124,0.8773388773388774,0.8773388773388774,0.8773388773388774,0.8773388773388774,0.0,0.8773388773388774,DESTA,124
125,0.5079365079365079,0.5079365079365079,0.0,0.0,0.5079365079365079,0.0,DESTA,125
126,0.0,0.0,0.0,0.0,0.0,0.0,DESTA,126
128,0.5079365079365079,0.5079365079365079,0.0,0.0,0.0,0.5079365079365079,DESTA,128
129,0.5079365079365079,0.0,0.0,0.0,0.0,0.5079365079365079,DESTA,129
13,0.5079365079365079,0.5079365079365079,0.0,0.0,0.0,0.0,DESTA,13
130,1.0,0.0,0.0,0.0,0.0,0.0,WB,130
131,0.5079365079365079,0.0,0.0,0.0,0.0,0.5079365079365079,DESTA,131
132,0.5079365079365079,0.0,0.0,0.0,0.0,0.0,DESTA,132
133,0.5079365079365079,0.5079365079365079,0.0,0.0,0.0,0.0,DESTA,133
134,0.5079365079365079,0.0,0.0,0.0,0.0,0.5079365079365079,DESTA,134
135,0.5079365079365079,0.0,0.0,0.0,0.0,0.5079365079365079,DESTA,135
136,1.0,0.0,0.0,1.0,1.0,1.0,WB,136
139,0.0,0.0,0.0,0.0,0.0,0.0,DESTA,139
14,0.5079365079365079,0.5079365079365079,0.0,0.0,0.0,0.5079365079365079,DESTA,14
140,0.0,0.0,0.0,0.0,0.0,0.0,DESTA,140
141,1.0,0.0,0.0,0.0,0.0,0.0,WB,141
143,0.0,0.0,0.0,0.0,0.0,0.0,DESTA,143
144,0.0,0.0,0.0,0.0,0.0,0.0,DESTA,144
145,0.0,0.0,0.0,0.0,0.0,0.0,uncoded,145
146,0.0,1.0,1.0,0.0,1.0,1.0,WB,146
147,0.0,0.0,0.0,0.0,0.0,0.0,uncoded,147
148,0.7586206896551724,0.7586206896551724,0.7586206896551724,0.7586206896551724,0.7586206896551724,0.0,DESTA,148
148+1,0.7586206896551724,0.7586206896551724,0.7586206896551724,0.7586206896551724,0.7586206896551724,0.0,DESTA,148
148+2,0.7586206896551724,0.7586206896551724,0.7586206896551724,0.7586206896551724,0.7586206896551724,0.0,DESTA,148
149,0.8230088495575221,0.0,0.0,0.0,0.0,0.8230088495575221,DESTA,149
15,1.0,0.0,0.0,1.0,1.0,1.0,WB,15
150,0.5079365079365079,0.5079365079365079,0.0,0.0,0.0,0.5079365079365079,DESTA,150
151,0.0,0.0,0.0,0.0,0.0,0.0,DESTA,151
152,0.8230088495575221,0.0,0.0,0.0,0.0,0.0,DESTA,152
153,0.5079365079365079,0.0,0.0,0.0,0.0,0.5079365079365079,DESTA,153
154,0.5079365079365079,0.0,0.0,0.0,0.0,0.0,DESTA,154
155,0.5079365079365079,0.0,0.0,0.0,0.0,0.5079365079365079,DESTA,155
156,0.5079365079365079,0.0,0.0,0.0,0.0,0.0,DESTA,156
157,0.5079365079365079,0.5079365079365079,0.0,0.0,0.0,0.0,DESTA,157
158,0.5079365079365079,0.0,0.0,0.0,0.0,0.0,DESTA,158
159,0.5079365079365079,0.0,0.0,0.0,0.0,0.0,DESTA,159
16,0.0,0.0,0.0,0.0,0.0,0.0,DESTA,16
16+1,0.0,0.0,0.0,0.0,0.0,0.0,DESTA,16
16+2,0.0,0.0,0.0,0.0,0.0,0.0,DESTA,16
160,0.5079365079365079,0.5079365079365079,0.0,0.0,0.0,0.5079365079365079,DESTA,160
161,0.0,1.0,1.0,1.0,1.0,0.0,WB,161
162,1.0,1.0,1.0,1.0,1.0,0.0,WB,162
163,0.0,0.0,0.0,0.0,0.0,1.0,WB,163
164,1.0,0.0,0.0,1.0,1.0,0.0,WB,164
165,0.0,0.0,0.0,0.0,1.0,0.0,WB,165
166,1.0,0.0,0.0,0.0,1.0,0.0,WB,166
167,0.0,0.0,0.0,0.0,0.0,0.0,DESTA,167
168,0.0,1.0,1.0,1.0,1.0,0.0,WB,168
169,0.0,0.8230088495575221,0.8230088495575221,0.0,0.0,0.0,DESTA,169
17,0.7586206896551724,0.7586206896551724,0.7586206896551724,0.0,0.7586206896551724,0.0,DESTA,17
17+1,0.7586206896551724,0.7586206896551724,0.7586206896551724,0.0,0.7586206896551724,0.0,DESTA,17
17+2,0.7586206896551724,0.7586206896551724,0.7586206896551724,0.0,0.7586206896551724,0.0,DESTA,17
17+3,0.7586206896551724,0.7586206896551724,0.7586206896551724,0.0,0.7586206896551724,0.0,DESTA,17
170,0.0,0.0,0.0,0.0,0.0,0.0,uncoded,170
171,0.0,0.7586206896551724,0.0,0.0,0.0,0.0,DESTA,171
172,0.5079365079365079,0.0,0.0,0.0,0.0,0.0,DESTA,172
173,0.9222222222222223,0.9222222222222223,0.0,0.0,0.9222222222222223,0.0,DESTA,173
174,0.5079365079365079,0.0,0.5079365079365079,0.0,0.0,0.0,DESTA,174
175,0.5079365079365079,0.5079365079365079,0.5079365079365079,0.0,0.0,0.5079365079365079,DESTA,175
176a,0.0,0.7586206896551724,0.7586206896551724,0.0,0.0,0.0,DESTA,171
177,0.8230088495575221,0.8230088495575221,0.8230088495575221,0.0,0.8230088495575221,0.0,DESTA,177
178,0.5079365079365079,0.0,0.0,0.0,0.0,0.0,DESTA,178
18,0.0,0.0,0.0,0.0,0.0,0.0,DESTA,18
180,0.0,0.0,0.0,0.0,0.0,0.0,DESTA,180
181,1.0,1.0,1.0,1.0,1.0,1.0,WB,181
182,0.0,0.0,0.0,0.0,0.0,0.0,DESTA,182
183,0.8773388773388774,0.8773388773388774,0.8773388773388774,0.8773388773388774,0.8773388773388774,0.8773388773388774,DESTA,183
184,0.9222222222222223,0.9222222222222223,0.9222222222222223,0.9222222222222223,0.9222222222222223,0.9222222222222223,DESTA,184
185,0.8773388773388774,0.8773388773388774,0.8773388773388774,0.8773388773388774,0.8773388773388774,0.8773388773388774,DESTA,185
186,0.0,0.0,0.0,0.0,1.0,0.0,WB,186
186+1,1.0,1.0,1.0,0.0,0.0,0.0,WB,186
186+2,0.0,0.0,0.0,0.0,1.0,0.0,WB-母协定,186
187,1.0,1.0,1.0,1.0,1.0,1.0,WB,187
188,0.9222222222222223,0.9222222222222223,0.9222222222222223,0.9222222222222223,0.0,0.9222222222222223,DESTA,188
189,0.0,0.7586206896551724,0.0,0.0,0.0,0.0,DESTA,189
19,0.0,0.0,0.0,0.0,0.0,0.0,DESTA,19
190,0.0,0.0,0.0,0.0,0.0,0.0,DESTA,190
192,0.7586206896551724,0.0,0.0,0.0,0.0,0.0,DESTA,192
192+1,0.7586206896551724,0.0,0.0,0.0,0.0,0.0,DESTA,192
192+2,0.7586206896551724,0.0,0.0,0.0,0.0,0.0,DESTA,192
192+3,0.7586206896551724,0.0,0.0,0.0,0.0,0.0,DESTA,192
192+4,0.7586206896551724,0.0,0.0,0.0,0.0,0.0,DESTA,192
192+5,0.7586206896551724,0.0,0.0,0.0,0.0,0.0,DESTA,192
193a,1.0,1.0,1.0,1.0,1.0,1.0,WB,192
198,0.0,0.0,0.0,0.0,0.0,0.0,uncoded,198
199,0.0,0.0,0.0,0.0,1.0,1.0,WB,199
2,0.0,0.0,0.0,0.0,0.0,0.0,DESTA,2
20,0.5079365079365079,0.0,0.0,0.0,0.5079365079365079,0.0,DESTA,20
200,0.7586206896551724,0.7586206896551724,0.0,0.0,0.0,0.0,DESTA,200
201,1.0,1.0,1.0,1.0,0.0,0.0,WB,201
202,1.0,1.0,1.0,1.0,0.0,1.0,WB,202
202+1,1.0,1.0,1.0,1.0,0.0,1.0,WB-母协定,202
202+2,1.0,1.0,1.0,1.0,0.0,1.0,WB-母协定,202
202+3,1.0,1.0,1.0,1.0,0.0,1.0,WB-母协定,202
203,0.8230088495575221,0.8230088495575221,0.0,0.0,0.0,0.0,DESTA,203
204,0.9222222222222223,0.9222222222222223,0.0,0.0,0.0,0.0,DESTA,204
205,0.0,1.0,1.0,1.0,0.0,1.0,WB,205
206,1.0,0.0,0.0,0.0,1.0,0.0,WB,206
207,0.0,1.0,1.0,1.0,1.0,1.0,WB,207
208,1.0,1.0,1.0,1.0,1.0,1.0,WB,208
209,0.7586206896551724,0.7586206896551724,0.7586206896551724,0.0,0.7586206896551724,0.0,DESTA,209
210a,0.7586206896551724,0.7586206896551724,0.7586206896551724,0.0,0.7586206896551724,0.0,DESTA,209
211,0.5079365079365079,0.5079365079365079,0.5079365079365079,0.0,0.0,0.0,DESTA,211
212,1.0,1.0,1.0,1.0,1.0,1.0,WB,212
213,1.0,0.0,1.0,0.0,0.0,1.0,WB,213
215,0.8230088495575221,0.8230088495575221,0.0,0.0,0.0,0.0,DESTA,215
216,1.0,0.0,0.0,0.0,1.0,1.0,WB,216
217,0.0,0.0,0.0,0.0,0.0,0.0,DESTA,217
218,1.0,1.0,1.0,1.0,1.0,1.0,WB,218
219,0.8230088495575221,0.8230088495575221,0.0,0.0,0.0,0.0,DESTA,219
22,0.7586206896551724,0.0,0.0,0.0,0.0,0.0,DESTA,22
220,0.0,0.0,1.0,0.0,0.0,0.0,WB,220
221,1.0,1.0,1.0,0.0,0.0,1.0,WB,221
222,1.0,1.0,1.0,0.0,1.0,1.0,WB,222
223,0.0,0.0,0.0,0.0,0.0,0.0,uncoded,223
224,1.0,1.0,0.0,0.0,0.0,1.0,WB,224
225a,1.0,1.0,0.0,0.0,0.0,1.0,WB-母协定,224
227,1.0,1.0,1.0,0.0,1.0,1.0,WB,227
228,1.0,1.0,1.0,0.0,1.0,0.0,WB,228
230,0.0,0.0,0.0,0.0,0.0,0.0,DESTA,230
233,0.5079365079365079,0.5079365079365079,0.0,0.0,0.0,0.0,DESTA,233
234,0.8773388773388774,0.8773388773388774,0.8773388773388774,0.8773388773388774,0.8773388773388774,0.8773388773388774,DESTA,234
235,0.0,0.0,0.0,0.0,0.0,0.0,DESTA,235
236,0.0,0.0,0.0,0.0,0.0,0.0,DESTA,236
237,0.0,0.0,0.0,0.0,0.0,0.0,DESTA,237
238,0.0,0.0,0.0,0.0,0.0,0.0,DESTA,238
239,0.8773388773388774,0.8773388773388774,0.8773388773388774,0.8773388773388774,0.0,0.0,DESTA,239
23a,0.7586206896551724,0.0,0.0,0.0,0.0,0.0,DESTA,27
24,0.7586206896551724,0.0,0.0,0.0,0.0,0.0,DESTA,24
240,0.5079365079365079,0.0,0.0,0.0,0.0,0.0,DESTA,240
241,1.0,1.0,1.0,1.0,1.0,1.0,WB,241
242,1.0,1.0,1.0,0.0,1.0,1.0,WB,242
243,1.0,1.0,0.0,0.0,1.0,0.0,WB,243
243+1,1.0,1.0,0.0,0.0,1.0,0.0,WB,243
244,0.7586206896551724,0.0,0.0,0.0,0.0,0.0,DESTA,244
247,0.0,0.0,0.0,0.0,0.0,0.0,DESTA,247
248,0.9222222222222223,0.9222222222222223,0.9222222222222223,0.9222222222222223,0.0,0.9222222222222223,DESTA,248
249,0.0,0.0,0.0,0.0,0.0,0.0,DESTA,249
25,0.0,0.7586206896551724,0.0,0.0,0.7586206896551724,0.0,DESTA,25
250a,0.0,0.0,0.0,0.0,0.0,0.0,DESTA,249
251,0.0,0.0,0.0,0.0,0.0,0.0,DESTA,251
252,0.8230088495575221,0.8230088495575221,0.0,0.0,0.0,0.0,DESTA,252
254,0.5079365079365079,0.5079365079365079,0.5079365079365079,0.5079365079365079,0.5079365079365079,0.5079365079365079,DESTA,254
254+1,0.5079365079365079,0.5079365079365079,0.5079365079365079,0.5079365079365079,0.5079365079365079,0.5079365079365079,DESTA,254
254+2,0.5079365079365079,0.5079365079365079,0.5079365079365079,0.5079365079365079,0.5079365079365079,0.5079365079365079,DESTA,254
255,0.8230088495575221,0.8230088495575221,0.8230088495575221,0.0,0.0,0.8230088495575221,DESTA,255
256,0.0,0.0,0.0,0.0,0.0,0.0,uncoded,256
257,0.5079365079365079,0.5079365079365079,0.0,0.0,0.0,0.0,DESTA,257
258,0.5079365079365079,0.0,0.0,0.0,0.0,0.5079365079365079,DESTA,258
259,0.5079365079365079,0.0,0.0,0.0,0.0,0.5079365079365079,DESTA,259
26,0.0,0.7586206896551724,0.0,0.0,0.7586206896551724,0.0,DESTA,26
260,0.5079365079365079,0.0,0.0,0.0,0.0,0.0,DESTA,260
261,0.5079365079365079,0.5079365079365079,0.0,0.0,0.0,0.0,DESTA,261
262,0.7586206896551724,0.0,0.0,0.0,0.0,0.0,DESTA,262
263,0.5079365079365079,0.5079365079365079,0.0,0.5079365079365079,0.0,0.0,DESTA,263
265,0.5079365079365079,0.5079365079365079,0.0,0.0,0.0,0.0,DESTA,265
266,0.7586206896551724,0.7586206896551724,0.0,0.0,0.0,0.0,DESTA,266
267,0.7586206896551724,0.0,0.0,0.0,0.0,0.0,DESTA,267
269a,1.0,0.0,0.0,0.0,0.0,0.0,WB,268
270,0.5079365079365079,0.0,0.0,0.0,0.0,0.0,DESTA,270
271,0.0,0.0,0.0,0.0,0.0,0.0,uncoded,271
272,0.0,0.0,0.0,0.0,0.0,0.0,uncoded,272
273,0.5079365079365079,0.5079365079365079,0.0,0.0,0.0,0.0,DESTA,273
275,0.0,0.0,0.0,0.0,0.0,0.0,DESTA,275
277,0.6666666666666666,0.6666666666666666,0.0,0.0,0.0,0.6666666666666666,DESTA,277
278,0.5079365079365079,0.0,0.0,0.0,0.0,0.0,DESTA,278
278+1,0.5079365079365079,0.0,0.0,0.0,0.0,0.0,DESTA,278
278+2,0.5079365079365079,0.0,0.0,0.0,0.0,0.0,DESTA,278
279,0.5079365079365079,0.5079365079365079,0.0,0.0,0.0,0.5079365079365079,DESTA,279
27a,0.0,0.0,0.0,0.0,1.0,0.0,WB,26
28,0.0,0.0,0.0,0.0,0.0,0.0,WB,28
28+1,0.0,0.0,0.0,0.0,0.0,0.0,WB-母协定,28
28+2,0.0,0.0,0.0,0.0,0.0,0.0,WB-母协定,28
28+3,0.0,0.0,0.0,0.0,0.0,0.0,WB-母协定,28
28+4,0.0,0.0,0.0,0.0,0.0,0.0,WB-母协定,28
280,0.7586206896551724,0.7586206896551724,0.7586206896551724,0.0,0.7586206896551724,0.0,DESTA,280
280+1,0.7586206896551724,0.7586206896551724,0.7586206896551724,0.0,0.7586206896551724,0.0,DESTA,280
282,0.5079365079365079,0.0,0.0,0.0,0.0,0.0,DESTA,282
283,0.8230088495575221,0.0,0.0,0.0,0.0,0.0,DESTA,283
284,0.5079365079365079,0.0,0.0,0.0,0.0,0.0,DESTA,284
285,0.5079365079365079,0.0,0.0,0.0,0.0,0.0,DESTA,285
286,0.0,0.0,0.0,0.0,0.0,0.0,uncoded,286
287,0.8230088495575221,0.0,0.8230088495575221,0.8230088495575221,0.8230088495575221,0.8230088495575221,DESTA,287
288,0.5079365079365079,0.0,0.0,0.0,0.0,0.0,DESTA,288
289,0.5079365079365079,0.0,0.0,0.0,0.0,0.0,DESTA,289
29,0.0,0.0,0.0,0.0,0.0,0.0,DESTA,29
290,0.0,0.0,0.0,0.0,0.0,0.0,DESTA,290
291,0.7586206896551724,0.0,0.0,0.0,0.0,0.0,DESTA,291
292,0.0,0.0,0.0,0.0,0.0,0.0,DESTA,292
293,1.0,1.0,1.0,0.0,1.0,1.0,WB,293
293+1,1.0,1.0,1.0,1.0,1.0,1.0,WB,293
293+2,1.0,1.0,1.0,1.0,1.0,1.0,WB,293
293+3,1.0,1.0,1.0,1.0,1.0,1.0,WB,293
3,0.7586206896551724,0.0,0.0,0.0,0.0,0.0,DESTA,3
30,0.0,0.0,0.7586206896551724,0.0,0.0,0.0,DESTA,30
300,0.0,1.0,0.0,1.0,1.0,1.0,WB,300
302,0.5079365079365079,0.0,0.0,0.0,0.0,0.0,DESTA,302
302+1,0.5079365079365079,0.0,0.0,0.0,0.0,0.0,DESTA,302
302+2,0.5079365079365079,0.0,0.0,0.0,0.0,0.0,DESTA,302
302+3,0.5079365079365079,0.0,0.0,0.0,0.0,0.0,DESTA,302
303,0.0,0.0,0.0,0.0,0.0,0.0,DESTA,303
304,0.8230088495575221,0.8230088495575221,0.8230088495575221,0.0,0.8230088495575221,0.0,DESTA,304
304+1,0.8230088495575221,0.8230088495575221,0.8230088495575221,0.0,0.8230088495575221,0.0,DESTA,304
304+2,0.8230088495575221,0.8230088495575221,0.8230088495575221,0.0,0.8230088495575221,0.0,DESTA,304
304+3,0.8230088495575221,0.8230088495575221,0.8230088495575221,0.0,0.8230088495575221,0.0,DESTA,304
305,0.7586206896551724,0.0,0.0,0.0,0.7586206896551724,0.0,DESTA,305
306,0.7586206896551724,0.7586206896551724,0.7586206896551724,0.0,0.7586206896551724,0.7586206896551724,DESTA,306
307,0.0,0.0,0.0,0.0,1.0,0.0,WB,307
307+1,0.0,0.0,0.0,0.0,1.0,0.0,WB-母协定,307
307+2,0.0,0.0,0.0,0.0,1.0,0.0,WB-母协定,307
307+3,0.0,0.0,0.0,0.0,1.0,0.0,WB-母协定,307
308,0.5079365079365079,0.0,0.0,0.0,0.0,0.0,DESTA,308
308+1,0.5079365079365079,0.0,0.0,0.0,0.0,0.0,DESTA,308
309,0.0,0.0,0.0,0.0,0.0,0.0,DESTA,309
309+1,0.0,0.0,0.0,0.0,0.0,0.0,DESTA,309
31,0.0,0.0,0.0,0.0,0.0,0.0,uncoded,31
310a,0.7586206896551724,0.0,0.0,0.0,0.7586206896551724,0.0,DESTA,311
311,0.0,0.0,0.0,0.0,0.7586206896551724,0.0,DESTA,311
312,0.8230088495575221,0.8230088495575221,0.8230088495575221,0.8230088495575221,0.8230088495575221,0.0,DESTA,312
312+1,0.8230088495575221,0.8230088495575221,0.8230088495575221,0.8230088495575221,0.8230088495575221,0.0,DESTA,312
313,0.0,0.0,0.0,0.0,0.0,0.0,WB,313
313+1,0.0,0.0,0.0,0.0,0.0,0.0,WB-母协定,313
314,0.0,0.0,0.0,0.0,0.0,0.0,DESTA,314
315,0.0,0.0,0.0,0.0,0.0,0.0,DESTA,315
315+1,0.0,0.0,0.0,0.0,0.0,0.0,DESTA,315
315+2,0.0,0.0,0.0,0.0,0.0,0.0,DESTA,315
316,0.0,1.0,0.0,1.0,1.0,1.0,WB,316
316+1,0.0,1.0,0.0,1.0,1.0,1.0,WB-母协定,316
316+2,0.0,1.0,0.0,1.0,1.0,1.0,WB-母协定,316
316+3,0.0,1.0,0.0,1.0,1.0,1.0,WB-母协定,316
317,0.0,0.0,0.0,0.0,0.0,0.0,DESTA,317
317+1,0.0,0.0,0.0,0.0,0.0,0.0,DESTA,317
317+2,0.0,0.0,0.0,0.0,0.0,0.0,DESTA,317
318,0.0,1.0,0.0,0.0,1.0,1.0,WB,318
318+1,0.0,1.0,0.0,0.0,1.0,1.0,WB-母协定,318
318+2,0.0,1.0,0.0,0.0,1.0,1.0,WB-母协定,318
318+3,0.0,1.0,0.0,0.0,1.0,1.0,WB-母协定,318
319,0.8230088495575221,0.0,0.0,0.0,0.8230088495575221,0.0,DESTA,319
32,0.0,0.0,0.0,0.5079365079365079,0.0,0.0,DESTA,32
320,0.7586206896551724,0.7586206896551724,0.7586206896551724,0.7586206896551724,0.7586206896551724,0.0,DESTA,320
321,0.0,0.0,0.0,0.0,0.0,0.0,DESTA,321
322,0.0,0.0,0.0,0.0,0.0,0.0,DESTA,322
322+1,0.0,0.0,0.0,0.0,0.0,0.0,DESTA,322
322+2,0.0,0.0,0.0,0.0,0.0,0.0,DESTA,322
323,0.8230088495575221,0.0,0.8230088495575221,0.0,0.8230088495575221,0.0,DESTA,323
323+1,0.8230088495575221,0.0,0.8230088495575221,0.0,0.8230088495575221,0.0,DESTA,323
323+2,0.8230088495575221,0.0,0.8230088495575221,0.0,0.8230088495575221,0.0,DESTA,323
323+3,0.8230088495575221,0.0,0.8230088495575221,0.0,0.8230088495575221,0.0,DESTA,323
324,1.0,1.0,1.0,1.0,1.0,1.0,WB,324
324+1,1.0,1.0,1.0,1.0,1.0,1.0,WB,324
325,0.8230088495575221,0.0,0.0,0.0,0.8230088495575221,0.0,DESTA,325
326,0.7586206896551724,0.7586206896551724,0.7586206896551724,0.7586206896551724,0.7586206896551724,0.7586206896551724,DESTA,326
327,0.7586206896551724,0.7586206896551724,0.7586206896551724,0.0,0.7586206896551724,0.0,DESTA,327
327+1,1.0,1.0,1.0,1.0,1.0,1.0,WB,327
328,0.5079365079365079,0.5079365079365079,0.5079365079365079,0.5079365079365079,0.0,0.5079365079365079,DESTA,328
328+1,0.5079365079365079,0.5079365079365079,0.5079365079365079,0.5079365079365079,0.0,0.5079365079365079,DESTA,328
328+2,0.5079365079365079,0.5079365079365079,0.5079365079365079,0.5079365079365079,0.0,0.5079365079365079,DESTA,328
328+3,0.5079365079365079,0.5079365079365079,0.5079365079365079,0.5079365079365079,0.0,0.5079365079365079,DESTA,328
329,0.0,0.0,0.0,0.0,0.0,0.0,DESTA,329
329+1,0.0,0.0,0.0,0.0,0.0,0.0,DESTA,329
329+2,0.0,0.0,0.0,0.0,0.0,0.0,DESTA,329
33,0.0,0.0,0.0,0.0,0.0,0.0,DESTA,33
330,1.0,1.0,1.0,1.0,1.0,0.0,WB,330
330+1,1.0,1.0,1.0,1.0,1.0,0.0,WB-母协定,330
330+2,1.0,1.0,1.0,1.0,1.0,0.0,WB-母协定,330
330+3,1.0,1.0,1.0,1.0,1.0,0.0,WB-母协定,330
331,0.0,0.0,0.0,1.0,1.0,1.0,WB,331
332,0.0,0.0,0.0,0.0,0.0,0.0,DESTA,332
332+1,0.0,0.0,0.0,0.0,0.0,0.0,DESTA,332
332+2,0.0,0.0,0.0,0.0,0.0,0.0,DESTA,332
333,0.0,0.0,0.0,0.0,0.0,0.0,DESTA,333
334,0.0,1.0,0.0,0.0,1.0,1.0,WB,334
334+1,0.0,1.0,0.0,0.0,1.0,1.0,WB-母协定,334
334+2,0.0,1.0,0.0,0.0,1.0,1.0,WB-母协定,334
334+3,0.0,1.0,0.0,0.0,1.0,1.0,WB-母协定,334
335,0.0,0.0,0.0,0.0,1.0,1.0,WB,335
335+1,1.0,1.0,1.0,1.0,1.0,1.0,WB,335
335+2,0.0,0.0,0.0,0.0,1.0,1.0,WB-母协定,335
336,0.0,0.0,0.0,0.0,0.0,0.0,WB,336
336+1,0.0,0.0,0.0,0.0,0.0,0.0,WB-母协定,336
337,0.7586206896551724,0.7586206896551724,0.7586206896551724,0.7586206896551724,0.7586206896551724,0.0,DESTA,337
337+1,0.7586206896551724,0.7586206896551724,0.7586206896551724,0.7586206896551724,0.7586206896551724,0.0,DESTA,337
338,0.0,0.0,0.0,0.0,0.0,0.0,DESTA,338
339a,0.0,0.0,0.0,0.0,0.0,0.0,DESTA,338
34,0.0,0.0,0.0,0.0,0.0,0.0,DESTA,34
340,0.7586206896551724,0.7586206896551724,0.7586206896551724,0.7586206896551724,0.7586206896551724,0.7586206896551724,DESTA,340
340+1,0.7586206896551724,0.7586206896551724,0.7586206896551724,0.7586206896551724,0.7586206896551724,0.7586206896551724,DESTA,340
341,0.0,0.0,0.0,0.0,0.0,0.0,DESTA,341
341+1,0.0,0.0,0.0,0.0,0.0,0.0,DESTA,341
341+2,0.0,0.0,0.0,0.0,0.0,0.0,DESTA,341
341+3,0.0,0.0,0.0,0.0,0.0,0.0,DESTA,341
341+4,0.0,0.0,0.0,0.0,0.0,0.0,DESTA,341
342,0.8773388773388774,0.8773388773388774,0.8773388773388774,0.8773388773388774,0.8773388773388774,0.8773388773388774,DESTA,342
343a,1.0,1.0,1.0,0.0,1.0,1.0,WB-母协定,293
344,0.7586206896551724,0.7586206896551724,0.7586206896551724,0.7586206896551724,0.7586206896551724,0.0,DESTA,344
344+1,0.7586206896551724,0.7586206896551724,0.7586206896551724,0.7586206896551724,0.7586206896551724,0.0,DESTA,344
345,0.0,0.0,0.0,0.0,0.0,0.0,DESTA,345
345+1,0.0,0.0,0.0,0.0,0.0,0.0,DESTA,345
346,0.7586206896551724,0.7586206896551724,0.7586206896551724,0.0,0.7586206896551724,0.7586206896551724,DESTA,346
347,0.0,1.0,0.0,0.0,1.0,1.0,WB,347
347+1,0.0,1.0,0.0,0.0,1.0,1.0,WB-母协定,347
347+2,0.0,1.0,0.0,0.0,1.0,1.0,WB-母协定,347
347+3,0.0,1.0,0.0,0.0,1.0,1.0,WB-母协定,347
348,0.0,0.0,0.0,0.0,0.0,0.0,DESTA,348
349,0.0,0.0,0.0,0.0,0.0,0.0,DESTA,349
349+1,0.0,0.0,0.0,0.0,0.0,0.0,DESTA,349
35,0.5079365079365079,0.0,0.0,0.0,0.5079365079365079,0.0,DESTA,35
350,0.0,0.0,0.0,0.0,0.0,0.0,WB,350
350+1,0.0,0.0,0.0,0.0,0.0,0.0,WB-母协定,350
350+2,0.0,0.0,0.0,0.0,0.0,0.0,WB-母协定,350
350+3,0.0,0.0,0.0,0.0,0.0,0.0,WB-母协定,350
350+4,0.0,0.0,0.0,0.0,0.0,0.0,WB-母协定,350
350+5,0.0,0.0,0.0,0.0,0.0,0.0,WB-母协定,350
350+6,0.0,0.0,0.0,0.0,0.0,0.0,WB-母协定,350
351,0.0,0.0,0.0,0.0,0.0,0.0,WB,351
351+1,0.0,0.0,0.0,0.0,0.0,0.0,WB-母协定,351
351+2,0.0,0.0,0.0,0.0,0.0,0.0,WB-母协定,351
351+3,0.0,0.0,0.0,0.0,0.0,0.0,WB-母协定,351
351+4,0.0,0.0,0.0,0.0,0.0,0.0,WB-母协定,351
351+5,0.0,0.0,0.0,0.0,0.0,0.0,WB-母协定,351
351+6,0.0,0.0,0.0,0.0,0.0,0.0,WB-母协定,351
352,0.0,0.0,0.0,0.0,0.0,0.0,DESTA,352
352+1,0.0,0.0,0.0,0.0,0.0,0.0,DESTA,352
352+2,0.0,0.0,0.0,0.0,0.0,0.0,DESTA,352
353,0.0,0.0,0.0,0.0,0.0,0.0,DESTA,353
354,0.0,1.0,0.0,0.0,1.0,1.0,WB,354
354+1,0.0,1.0,0.0,0.0,1.0,1.0,WB-母协定,354
354+2,0.0,1.0,0.0,0.0,1.0,1.0,WB-母协定,354
354+3,0.0,1.0,0.0,0.0,1.0,1.0,WB-母协定,354
355,1.0,0.0,0.0,0.0,1.0,1.0,WB,355
355+1,1.0,0.0,0.0,0.0,1.0,1.0,WB-母协定,355
355+2,1.0,0.0,0.0,0.0,1.0,1.0,WB-母协定,355
355+3,1.0,0.0,0.0,0.0,1.0,1.0,WB-母协定,355
356a,0.0,0.0,0.0,0.0,0.7586206896551724,0.0,DESTA,357
357,0.0,0.0,0.0,0.0,0.0,0.0,DESTA,357
357+1,0.0,0.0,0.0,0.0,0.0,0.0,DESTA,357
357+2,0.0,0.0,0.0,0.0,0.0,0.0,DESTA,357
357+3,0.0,0.0,0.0,0.0,0.0,0.0,DESTA,357
357+4,0.0,0.0,0.0,0.0,0.0,0.0,DESTA,357
357+5,0.0,0.0,0.0,0.0,0.0,0.0,DESTA,357
358a,0.0,0.0,0.0,0.0,0.7586206896551724,0.0,DESTA,356
359,0.0,0.0,0.0,0.0,0.0,0.0,DESTA,359
359+1,0.0,0.0,0.0,0.0,0.0,0.0,DESTA,359
36,0.0,0.0,0.0,0.0,0.0,0.0,DESTA,36
360,0.0,1.0,0.0,0.0,0.0,0.0,WB,360
363,0.0,0.7586206896551724,0.7586206896551724,0.0,0.0,0.0,DESTA,363
365,0.0,0.0,0.0,0.0,0.0,0.0,uncoded,365
366,0.0,0.0,0.0,0.0,0.0,0.0,DESTA,366
367,0.0,1.0,1.0,0.0,0.0,0.0,WB,367
37,0.0,0.0,0.0,0.0,0.0,0.0,uncoded,37
370,0.0,0.0,0.0,0.0,0.0,0.0,WB,370
371,0.0,0.0,0.0,0.0,0.0,0.0,DESTA,371
372,0.0,0.0,0.0,0.0,0.0,0.0,DESTA,372
373,0.0,0.0,0.0,0.0,0.0,0.0,DESTA,373
374,0.5079365079365079,0.0,0.0,0.0,0.0,0.0,DESTA,374
375,1.0,1.0,1.0,1.0,1.0,1.0,WB,375
375+1,1.0,1.0,1.0,1.0,1.0,1.0,WB-母协定,375
375+2,1.0,1.0,1.0,1.0,1.0,1.0,WB-母协定,375
375+3,1.0,1.0,1.0,1.0,1.0,1.0,WB-母协定,375
376,1.0,0.0,1.0,0.0,1.0,1.0,WB,376
377,0.8230088495575221,0.8230088495575221,0.0,0.0,0.0,0.8230088495575221,DESTA,377
379,1.0,1.0,1.0,1.0,1.0,1.0,WB,379
380,0.7586206896551724,0.0,0.0,0.0,0.0,0.0,DESTA,380
382,0.0,0.0,0.0,1.0,1.0,1.0,WB,382
383,0.0,1.0,0.0,0.0,1.0,1.0,WB,383
384,1.0,1.0,1.0,1.0,1.0,1.0,WB,384
385,0.7586206896551724,0.7586206896551724,0.0,0.0,0.0,0.7586206896551724,DESTA,385
386,1.0,1.0,0.0,0.0,1.0,1.0,WB,386
388,0.7586206896551724,0.0,0.0,0.0,0.0,0.7586206896551724,DESTA,388
389,0.0,1.0,0.0,0.0,1.0,1.0,WB,389
39,0.0,0.0,0.0,0.0,0.0,0.0,DESTA,39
390,0.0,1.0,1.0,1.0,0.0,0.0,WB,390
391,0.0,1.0,0.0,0.0,1.0,1.0,WB,391
392,0.5079365079365079,0.0,0.0,0.0,0.0,0.5079365079365079,DESTA,392
393,0.5079365079365079,0.0,0.0,0.0,0.0,0.5079365079365079,DESTA,393
394,0.7586206896551724,0.7586206896551724,0.0,0.7586206896551724,0.0,0.7586206896551724,DESTA,394
395a,1.0,1.0,1.0,1.0,1.0,1.0,WB-母协定,375
396,1.0,1.0,1.0,0.0,1.0,1.0,WB,396
398,0.7586206896551724,0.7586206896551724,0.0,0.0,0.0,0.7586206896551724,DESTA,398
399,0.0,0.0,0.0,0.0,1.0,1.0,WB,399
4,0.0,0.0,0.0,0.0,0.0,0.0,WB,4
40,0.0,0.0,0.0,0.0,0.0,0.0,DESTA,40
400,0.5079365079365079,0.0,0.0,0.0,0.0,0.0,DESTA,400
401,0.0,1.0,0.0,0.0,1.0,1.0,WB,401
402,0.0,0.0,0.0,1.0,1.0,1.0,WB,402
403,0.0,0.0,0.0,0.0,0.0,0.0,uncoded,403
404,0.0,0.0,0.0,0.0,0.0,0.0,DESTA,404
405,0.0,0.0,0.0,0.0,0.0,0.0,DESTA,405
407,0.0,0.0,0.0,0.0,0.0,0.0,uncoded,407
408,0.0,0.0,0.0,0.0,0.0,0.0,uncoded,408
409,0.0,0.0,0.0,0.0,0.0,0.0,uncoded,409
41,0.5079365079365079,0.0,0.0,0.0,0.0,0.0,DESTA,41
410,0.5079365079365079,0.0,0.0,0.0,0.0,0.0,DESTA,410
412,0.0,0.0,0.0,0.0,0.0,0.0,DESTA,412
413,0.0,0.0,0.0,0.0,0.0,0.0,DESTA,413
414,0.0,0.0,0.0,0.0,0.0,0.0,uncoded,414
415,1.0,0.0,0.0,0.0,1.0,1.0,WB,415
416,1.0,1.0,1.0,0.0,1.0,0.0,WB,416
418,0.0,0.6666666666666666,0.0,0.0,0.0,0.0,DESTA,418
419,0.0,0.0,0.0,0.0,0.7586206896551724,0.0,DESTA,419
421,0.0,0.0,0.0,0.0,0.0,0.0,DESTA,421
422,0.0,0.0,0.0,0.0,0.0,0.0,DESTA,422
424,0.5079365079365079,0.0,0.0,0.0,0.0,0.0,DESTA,424
425,0.0,0.0,0.0,0.0,0.0,0.0,DESTA,425
426,0.5079365079365079,0.0,0.0,0.0,0.0,0.0,DESTA,426
427,0.5079365079365079,0.0,0.0,0.0,0.0,0.0,DESTA,427
428,0.5079365079365079,0.0,0.0,0.0,0.0,0.0,DESTA,428
429,0.5079365079365079,0.0,0.0,0.0,0.0,0.0,DESTA,429
43,1.0,0.0,0.0,0.0,0.0,0.0,WB,43
430,0.0,0.0,0.0,0.0,0.0,0.0,DESTA,430
431,0.5079365079365079,0.0,0.0,0.0,0.0,0.5079365079365079,DESTA,431
432,0.5079365079365079,0.5079365079365079,0.0,0.0,0.0,0.5079365079365079,DESTA,432
433,0.0,0.0,0.0,0.0,0.0,0.5079365079365079,DESTA,433
434,0.0,0.0,0.7586206896551724,0.0,0.0,0.0,DESTA,434
435,0.0,0.0,0.0,0.0,0.0,0.0,WB,435
436,0.0,0.0,0.0,0.0,0.0,0.0,DESTA,436
437,1.0,1.0,1.0,1.0,1.0,1.0,WB,437
437+1,1.0,1.0,1.0,1.0,1.0,1.0,WB-母协定,437
437+2,1.0,1.0,1.0,1.0,1.0,1.0,WB-母协定,437
437+31,1.0,1.0,1.0,1.0,1.0,1.0,WB-母协定,437
437+32,1.0,1.0,1.0,1.0,1.0,1.0,WB-母协定,437
438,0.5079365079365079,0.0,0.0,0.5079365079365079,0.0,0.0,DESTA,438
439,1.0,1.0,1.0,0.0,1.0,0.0,WB,439
440,0.0,1.0,0.0,1.0,1.0,0.0,WB,440
441,0.5079365079365079,0.0,0.0,0.0,0.0,0.0,DESTA,441
443,0.0,0.0,0.0,0.0,0.0,0.0,WB,443
445,0.0,0.0,0.0,0.0,0.0,0.0,DESTA,445
446,0.0,0.0,0.0,0.0,0.0,0.0,DESTA,446
447,0.0,0.0,0.0,0.0,0.0,0.0,DESTA,447
448,0.0,0.0,0.0,0.0,0.0,0.0,DESTA,448
449,0.0,0.0,0.0,0.0,0.0,0.0,DESTA,449
45,0.0,0.0,0.0,0.0,0.0,0.0,DESTA,45
450,0.0,0.0,0.0,0.0,0.0,0.0,DESTA,450
452,0.0,0.0,0.0,0.0,0.0,0.0,DESTA,452
453,0.0,0.0,0.0,0.0,0.0,0.0,DESTA,453
454,0.0,0.0,0.0,0.0,1.0,0.0,WB,454
455,0.0,0.0,0.0,0.0,1.0,0.0,WB,455
456,1.0,0.0,0.0,0.0,1.0,1.0,WB,456
457,0.0,0.0,0.0,0.0,1.0,0.0,WB,457
458,0.0,0.0,0.0,0.0,1.0,0.0,WB,458
459,0.0,0.0,0.0,0.0,0.0,0.0,uncoded,459
46,0.0,0.0,0.0,0.0,0.0,0.0,DESTA,46
460,0.0,0.0,0.0,0.0,0.0,0.0,DESTA,460
461,0.0,0.0,0.0,0.0,0.0,0.0,WB,461
462,0.0,0.0,0.0,0.0,0.0,0.0,WB,462
463,0.0,0.0,0.0,0.0,0.0,0.0,uncoded,463
464,0.0,0.0,0.0,0.0,0.0,0.0,uncoded,464
465a,0.0,0.0,0.0,0.0,0.0,0.0,uncoded,464
466,1.0,0.0,0.0,0.0,1.0,1.0,WB,466
468,0.0,0.0,0.0,0.0,0.0,0.0,DESTA,468
469,0.0,0.0,0.0,0.0,0.0,0.0,DESTA,469
47,0.0,0.0,0.0,0.0,0.0,0.0,DESTA,47
470,1.0,1.0,1.0,0.0,1.0,1.0,WB,470
471,0.0,0.0,0.0,0.0,0.0,0.0,DESTA,471
473,0.0,0.0,0.0,0.0,0.0,0.0,DESTA,473
474,1.0,1.0,0.0,0.0,0.0,1.0,WB,474
475,0.8773388773388774,0.0,0.8773388773388774,0.8773388773388774,0.0,0.0,DESTA,475
476,0.0,0.0,0.0,0.0,0.0,0.0,DESTA,476
478,0.0,0.0,0.0,0.0,0.0,0.0,DESTA,478
48,0.0,0.0,0.0,0.0,0.0,0.0,DESTA,48
480,0.0,0.0,0.0,0.0,0.0,0.0,DESTA,480
481,0.5079365079365079,0.0,0.0,0.5079365079365079,0.0,0.0,DESTA,481
482,0.5079365079365079,0.0,0.0,0.0,0.0,0.0,DESTA,482
483,0.5079365079365079,0.0,0.0,0.0,0.0,0.0,DESTA,483
487,0.5079365079365079,0.0,0.0,0.0,0.0,0.0,DESTA,487
488,0.5079365079365079,0.0,0.0,0.0,0.0,0.5079365079365079,DESTA,488
489,1.0,1.0,1.0,0.0,1.0,1.0,WB,489
49,0.5079365079365079,0.0,0.0,0.0,0.0,0.0,DESTA,49
490,1.0,0.0,0.0,0.0,1.0,0.0,WB,490
491,0.0,0.0,0.0,0.0,0.0,0.0,DESTA,491
492,0.0,0.0,0.0,0.0,0.0,0.0,WB,492
493,1.0,1.0,1.0,0.0,1.0,0.0,WB,493
494,0.0,0.0,0.0,0.0,1.0,0.0,WB,494
495,0.0,1.0,1.0,1.0,1.0,1.0,WB,495
496,0.0,0.5079365079365079,0.0,0.0,0.0,0.0,DESTA,496
497,0.7586206896551724,0.0,0.0,0.0,0.0,0.0,DESTA,497
498,0.5079365079365079,0.0,0.0,0.0,0.0,0.0,DESTA,498
5,0.5079365079365079,0.5079365079365079,0.0,0.0,0.0,0.5079365079365079,DESTA,5
50,0.0,0.0,0.0,0.0,0.0,0.0,uncoded,50
505,0.0,0.0,0.0,0.0,0.0,0.0,DESTA,505
506,0.0,0.0,0.0,0.0,0.0,0.0,DESTA,506
507a,0.0,0.0,0.0,0.0,0.0,0.0,DESTA,506
508,0.8230088495575221,0.0,0.0,0.0,0.0,0.0,DESTA,508
509,0.0,0.0,0.0,1.0,0.0,0.0,WB,509
51,0.5079365079365079,0.0,0.0,0.0,0.0,0.0,DESTA,51
510,0.6666666666666666,0.0,0.6666666666666666,0.0,0.0,0.0,DESTA,510
511,0.7586206896551724,0.0,0.0,0.0,0.0,0.0,DESTA,511
512,0.5079365079365079,0.0,0.0,0.0,0.0,0.0,DESTA,512
513,0.7586206896551724,0.0,0.0,0.0,0.0,0.0,DESTA,513
514,0.7586206896551724,0.0,0.0,0.0,0.0,0.0,DESTA,514
515,0.0,1.0,1.0,0.0,1.0,0.0,WB,515
516,1.0,1.0,0.0,1.0,1.0,1.0,WB,516
517,1.0,1.0,1.0,0.0,0.0,1.0,WB,517
518,0.0,1.0,1.0,1.0,0.0,1.0,WB,518
519,0.0,1.0,1.0,0.0,1.0,1.0,WB,519
52,0.0,0.0,0.0,0.0,1.0,0.0,WB,52
520,1.0,1.0,1.0,0.0,1.0,1.0,WB,520
521,0.0,1.0,1.0,0.0,1.0,1.0,WB,521
522,0.0,1.0,1.0,1.0,0.0,1.0,WB,522
523,0.0,1.0,1.0,0.0,1.0,1.0,WB,523
524,0.5079365079365079,0.0,0.0,0.0,0.0,0.0,DESTA,524
526,0.0,0.0,0.0,0.0,0.0,0.0,DESTA,526
527,0.0,0.0,0.0,0.0,0.0,0.0,DESTA,527
529,0.0,0.0,0.0,0.0,0.0,0.0,DESTA,529
53,0.0,0.0,0.0,0.0,0.0,0.0,DESTA,53
530,0.5079365079365079,0.0,0.0,0.0,0.0,0.0,DESTA,530
534,0.0,1.0,1.0,0.0,1.0,1.0,WB,534
535,0.5079365079365079,0.0,0.0,0.0,0.0,0.0,DESTA,535
537,0.5079365079365079,0.0,0.0,0.0,0.0,0.0,DESTA,537
54,0.0,0.0,0.0,0.0,1.0,0.0,WB,54
540,0.0,0.0,0.0,0.0,0.0,0.0,DESTA,540
541,1.0,0.0,0.0,0.0,1.0,0.0,WB,541
542,0.0,0.0,0.0,0.0,0.0,0.0,DESTA,542
543,0.0,0.0,1.0,0.0,0.0,1.0,WB,543
544,0.0,0.0,0.0,0.0,1.0,0.0,WB,544
545,0.0,0.0,0.0,0.0,0.0,0.0,DESTA,545
546,0.0,0.0,0.0,0.0,0.0,0.0,DESTA,546
547,0.0,0.0,0.0,0.0,0.0,0.0,uncoded,547
548,0.0,0.0,0.0,0.0,1.0,0.0,WB,548
549,0.0,0.0,0.0,0.0,0.0,0.0,DESTA,549
55,0.0,0.0,0.0,0.0,1.0,0.0,WB,55
550,1.0,1.0,1.0,1.0,0.0,1.0,WB,550
551,1.0,1.0,1.0,1.0,1.0,1.0,WB,551
552,0.0,0.0,0.0,0.0,0.0,0.0,uncoded,552
553,0.0,0.0,0.0,0.0,0.0,0.0,uncoded,553
555,0.0,0.0,0.0,0.0,1.0,0.0,WB,555
556,0.0,0.0,0.0,0.0,1.0,0.0,WB,556
558,0.0,0.0,0.0,0.0,1.0,0.0,WB,558
559,0.0,0.0,0.0,0.0,1.0,0.0,WB,559
56,0.0,0.0,0.0,0.0,1.0,0.0,WB,56
560,0.0,0.0,0.0,0.0,0.0,0.0,WB,560
561,0.0,0.0,0.0,0.0,0.0,0.0,DESTA,561
562,0.0,0.0,0.0,0.0,0.0,0.0,WB,562
562+1,0.0,0.0,0.0,0.0,0.0,0.0,WB,562
562+2,0.0,0.0,0.0,0.0,0.0,0.0,WB-母协定,562
564,0.5079365079365079,0.5079365079365079,0.0,0.0,0.0,0.0,DESTA,564
565,0.5079365079365079,0.5079365079365079,0.0,0.0,0.0,0.5079365079365079,DESTA,565
566,0.5079365079365079,0.0,0.0,0.0,0.0,0.0,DESTA,566
567,0.5079365079365079,0.5079365079365079,0.0,0.0,0.0,0.5079365079365079,DESTA,567
568,0.5079365079365079,0.0,0.0,0.0,0.0,0.0,DESTA,568
569,0.5079365079365079,0.5079365079365079,0.0,0.0,0.0,0.5079365079365079,DESTA,569
57,0.0,0.0,0.0,0.0,1.0,0.0,WB,57
570,0.5079365079365079,0.0,0.0,0.0,0.0,0.0,DESTA,570
574,0.0,0.0,0.0,0.0,0.0,0.0,DESTA,574
576,0.5079365079365079,0.5079365079365079,0.0,0.0,0.0,0.0,DESTA,576
577,0.6666666666666666,0.6666666666666666,0.0,0.0,0.0,0.0,DESTA,577
578,0.5079365079365079,0.0,0.0,0.0,0.0,0.0,DESTA,578
579,0.6666666666666666,0.6666666666666666,0.0,0.0,0.0,0.0,DESTA,579
58,0.0,0.0,0.0,0.0,0.0,0.0,uncoded,58
580,0.0,0.0,0.0,0.0,0.0,0.0,DESTA,580
581,0.5079365079365079,0.0,0.0,0.0,0.0,0.5079365079365079,DESTA,581
582,0.5079365079365079,0.5079365079365079,0.0,0.0,0.0,0.0,DESTA,582
588,0.0,0.0,0.0,0.0,0.0,0.0,uncoded,588
589,0.5079365079365079,0.0,0.0,0.0,0.0,0.0,DESTA,589
59,0.0,0.0,0.0,0.0,1.0,0.0,WB,59
590,0.5079365079365079,0.5079365079365079,0.0,0.0,0.0,0.0,DESTA,590
592,0.5079365079365079,0.0,0.0,0.0,0.0,0.0,DESTA,592
593,1.0,0.0,0.0,1.0,1.0,0.0,WB,593
594,0.0,0.0,0.0,1.0,1.0,1.0,WB,594
595,0.5079365079365079,0.0,0.0,0.0,0.0,0.0,DESTA,595
598,1.0,1.0,1.0,0.0,1.0,1.0,WB,598
599,1.0,1.0,1.0,0.0,1.0,1.0,WB,599
6,0.5079365079365079,0.5079365079365079,0.0,0.0,0.0,0.5079365079365079,DESTA,6
60,0.0,0.0,0.0,0.0,1.0,0.0,WB,60
600,0.0,0.0,0.0,0.0,0.0,0.0,DESTA,600
600+1,0.0,0.0,0.0,0.0,0.0,0.0,DESTA,600
600+2,0.0,0.0,0.0,0.0,0.0,0.0,DESTA,600
601,0.0,0.0,0.0,0.0,0.0,0.0,DESTA,601
602,0.0,0.0,0.0,0.0,1.0,0.0,WB,602
603,0.0,0.0,0.0,0.0,0.0,0.0,WB,603
604,1.0,1.0,1.0,1.0,1.0,1.0,WB,604
604+1,1.0,1.0,1.0,1.0,1.0,1.0,WB-母协定,604
604+2,1.0,1.0,1.0,1.0,1.0,1.0,WB-母协定,604
605,0.0,0.0,0.0,0.0,0.0,0.0,uncoded,605
606,0.9222222222222223,0.9222222222222223,0.0,0.0,0.9222222222222223,0.0,DESTA,606
607a,1.0,1.0,1.0,1.0,1.0,1.0,WB-母协定,604
608,0.9222222222222223,0.0,0.0,0.0,0.0,0.0,DESTA,608
608+1,0.9222222222222223,0.0,0.0,0.0,0.0,0.0,DESTA,608
61,0.7586206896551724,0.7586206896551724,0.7586206896551724,0.0,0.0,0.0,DESTA,61
610,0.0,0.0,0.0,0.0,0.0,0.0,DESTA,610
611,0.9222222222222223,0.9222222222222223,0.9222222222222223,0.9222222222222223,0.0,0.9222222222222223,DESTA,611
612,0.8773388773388774,0.8773388773388774,0.8773388773388774,0.0,0.0,0.8773388773388774,DESTA,612
613,0.0,0.0,0.0,0.0,0.0,0.0,DESTA,613
615,0.0,0.0,0.0,0.0,0.0,0.0,DESTA,615
616,1.0,1.0,1.0,0.0,1.0,1.0,WB,616
617,0.5079365079365079,0.0,0.0,0.0,0.0,0.0,DESTA,617
618,0.0,0.0,0.0,0.0,1.0,0.0,WB,618
619,0.5079365079365079,0.0,0.0,0.0,0.0,0.0,DESTA,619
62,0.5079365079365079,0.0,0.0,0.0,0.0,0.0,DESTA,62
62+1,0.5079365079365079,0.0,0.0,0.0,0.0,0.0,DESTA,62
620,0.0,0.0,0.0,0.0,0.0,0.0,uncoded,620
621,0.0,0.0,0.0,1.0,1.0,1.0,WB,621
622,0.0,0.0,0.0,0.0,0.0,0.0,uncoded,622
623,0.0,0.0,0.0,0.0,0.0,0.0,uncoded,623
624,1.0,1.0,0.0,1.0,1.0,1.0,WB,624
625,0.5079365079365079,0.0,0.0,0.0,0.0,0.0,DESTA,625
626,1.0,0.0,0.0,1.0,1.0,1.0,WB,626
627,0.0,0.0,0.0,0.0,0.0,0.0,WB,627
628,1.0,1.0,1.0,1.0,1.0,1.0,WB,628
629,0.0,0.0,0.0,0.0,0.0,0.0,uncoded,629
63,0.0,0.0,0.0,0.0,0.0,0.0,DESTA,63
630,0.0,0.0,1.0,0.0,0.0,0.0,WB,630
631,1.0,1.0,1.0,1.0,1.0,1.0,WB,631
632,1.0,1.0,0.0,0.0,1.0,1.0,WB,632
633,0.0,0.0,0.0,0.0,0.0,0.0,DESTA,633
634,1.0,1.0,1.0,0.0,1.0,1.0,WB,634
635,0.0,0.0,0.0,0.0,0.0,0.0,DESTA,635
636,1.0,1.0,1.0,1.0,1.0,1.0,WB,636
637,1.0,1.0,1.0,1.0,1.0,1.0,WB,637
638,0.0,0.0,0.0,0.0,0.0,0.0,DESTA,638
639,0.0,0.0,0.0,0.0,0.0,0.0,DESTA,639
64,0.5079365079365079,0.0,0.0,0.0,0.0,0.0,DESTA,64
640,0.0,0.0,0.0,0.0,1.0,0.0,WB,640
641,0.0,1.0,1.0,1.0,1.0,0.0,WB,641
642,1.0,1.0,1.0,0.0,1.0,1.0,WB,642
643,1.0,1.0,1.0,1.0,1.0,1.0,WB,643
644,1.0,1.0,1.0,1.0,1.0,1.0,WB,644
645,1.0,1.0,1.0,1.0,1.0,1.0,WB,645
646,0.7586206896551724,0.7586206896551724,0.0,0.0,0.0,0.0,DESTA,646
647,0.0,0.0,0.0,0.0,0.0,0.0,DESTA,647
648,0.5079365079365079,0.5079365079365079,0.0,0.0,0.0,0.0,DESTA,648
649,0.5079365079365079,0.0,0.0,0.5079365079365079,0.0,0.0,DESTA,649
65,0.0,0.0,0.0,0.5079365079365079,0.0,0.0,DESTA,65
650,0.0,0.5079365079365079,0.0,0.0,0.0,0.5079365079365079,DESTA,650
651,1.0,0.0,0.0,0.0,0.0,1.0,WB,651
652,0.0,0.0,0.0,0.0,1.0,0.0,WB,652
653,0.0,0.0,0.0,0.0,1.0,0.0,WB,653
654,0.0,0.0,0.0,0.0,0.0,0.0,WB,654
655,0.0,0.0,0.0,0.0,1.0,0.0,WB,655
657,0.0,1.0,0.0,1.0,1.0,1.0,WB,657
658,0.0,1.0,1.0,1.0,1.0,1.0,WB,658
659,0.5079365079365079,0.0,0.0,0.0,0.0,0.0,DESTA,659
66,1.0,1.0,1.0,0.0,0.0,1.0,WB,66
660,0.5079365079365079,0.0,0.0,0.0,0.0,0.0,DESTA,660
661,0.7586206896551724,0.0,0.0,0.0,0.0,0.7586206896551724,DESTA,661
663,0.0,0.0,0.0,0.0,0.0,0.0,DESTA,663
664,0.0,0.0,0.0,0.0,0.0,0.0,DESTA,664
666,0.0,0.0,0.0,0.0,0.0,0.0,WB,666
667,0.0,0.0,0.0,0.0,0.0,0.0,WB,667
667+1,0.0,0.0,0.0,0.0,0.0,0.0,WB,667
668,0.5079365079365079,0.0,0.0,0.0,0.0,0.0,DESTA,668
669,0.5079365079365079,0.0,0.0,0.0,0.0,0.0,DESTA,669
67,0.0,0.0,0.0,0.0,0.0,0.0,WB,67
670,1.0,0.0,0.0,0.0,0.0,0.0,WB,670
671,0.0,0.0,0.0,0.0,0.0,0.0,DESTA,671
672+5,1.0,0.0,0.0,0.0,1.0,0.0,WB,672
672a,1.0,0.0,1.0,0.0,0.0,1.0,WB,671
673,0.0,0.0,0.0,0.0,0.0,0.0,uncoded,673
674,0.0,0.0,0.0,0.0,0.0,0.0,uncoded,674
675,0.0,1.0,0.0,0.0,1.0,1.0,WB,675
676,0.0,0.0,0.0,0.0,0.0,0.0,uncoded,676
677,0.0,0.0,0.0,0.0,1.0,0.0,WB,677
679,1.0,1.0,1.0,1.0,1.0,1.0,WB,679
680,0.0,0.0,0.0,0.0,0.0,0.0,DESTA,680
681,0.0,0.0,0.0,0.0,0.0,0.0,DESTA,681
682,0.0,0.0,0.0,0.0,0.0,0.0,DESTA,682
683,1.0,0.0,0.0,0.0,1.0,1.0,WB,683
684,0.0,0.0,0.0,0.0,1.0,0.0,WB,684
686,0.0,0.0,0.0,0.0,1.0,0.0,WB,686
687,0.5079365079365079,0.5079365079365079,0.5079365079365079,0.0,0.0,0.5079365079365079,DESTA,687
688,0.5079365079365079,0.0,0.0,0.0,0.5079365079365079,0.0,DESTA,688
68a,0.0,0.0,0.0,0.0,0.0,0.0,WB-母协定,67
69,1.0,1.0,1.0,0.0,1.0,1.0,WB,69
694a,0.7586206896551724,0.0,0.7586206896551724,0.0,0.0,0.0,DESTA,23
695,0.0,0.0,0.0,0.0,0.0,0.0,uncoded,695
7,0.5079365079365079,0.5079365079365079,0.0,0.0,0.0,0.5079365079365079,DESTA,7
70,0.7586206896551724,0.0,0.0,0.0,0.0,0.0,DESTA,70
700,0.0,0.0,0.7586206896551724,0.0,0.0,0.0,DESTA,700
705,0.0,0.0,0.0,0.0,0.0,0.0,uncoded,705
706,0.6666666666666666,0.0,0.6666666666666666,0.6666666666666666,0.0,0.0,DESTA,706
708,0.0,0.0,0.0,0.0,0.0,0.0,uncoded,708
71,0.8773388773388774,0.8773388773388774,0.0,0.0,0.0,0.0,DESTA,71
715,0.5079365079365079,0.5079365079365079,0.0,0.0,0.0,0.0,DESTA,715
716,1.0,1.0,1.0,0.0,0.0,0.0,WB,716
72,0.8230088495575221,0.0,0.0,0.0,0.0,0.0,DESTA,72
726,0.0,0.0,0.0,0.0,0.0,0.0,uncoded,726
732,0.5079365079365079,0.0,0.0,0.5079365079365079,0.0,0.0,DESTA,732
733,0.0,0.0,0.0,0.0,0.0,0.0,uncoded,733
73a,0.8230088495575221,0.0,0.8230088495575221,0.0,0.0,0.0,DESTA,72
74,0.0,0.0,0.0,0.0,0.0,0.0,DESTA,74
740,0.0,0.0,0.0,0.0,0.0,0.0,uncoded,740
741,0.0,0.0,0.0,0.0,0.0,0.0,uncoded,741
742,0.0,0.0,0.0,0.0,0.0,0.0,DESTA,742
75,1.0,1.0,1.0,1.0,1.0,1.0,WB,75
760,0.0,0.0,0.0,0.0,0.0,0.0,uncoded,760
766,0.0,0.0,0.0,0.0,0.0,0.0,WB,766
767,0.0,0.0,0.0,0.0,0.0,0.0,DESTA,767
768,0.0,0.0,0.0,0.0,0.0,0.0,DESTA,768
77,0.5079365079365079,0.0,0.0,0.5079365079365079,0.0,0.0,DESTA,77
770,0.0,0.0,0.0,0.0,0.0,0.0,uncoded,770
772,0.7586206896551724,0.0,0.0,0.0,0.0,0.0,DESTA,772
780,0.0,0.0,0.0,0.0,0.0,0.0,DESTA,780
782,0.0,0.0,0.0,0.0,0.0,0.0,DESTA,782
783,0.0,0.0,0.0,0.0,0.0,0.0,DESTA,783
784,0.0,0.0,0.0,0.0,0.0,0.0,DESTA,784
787,0.7586206896551724,0.7586206896551724,0.7586206896551724,0.0,0.0,0.0,DESTA,787
787+1,1.0,1.0,0.0,0.0,1.0,0.0,WB,787
788,0.5079365079365079,0.0,0.0,0.0,0.0,0.0,DESTA,788
789,1.0,0.0,0.0,0.0,0.0,0.0,WB,789
78a,0.5079365079365079,0.0,0.5079365079365079,0.5079365079365079,0.0,0.0,DESTA,77
79,0.0,0.0,0.0,0.0,0.0,0.0,DESTA,79
791,0.0,0.0,0.0,0.0,0.0,0.0,uncoded,791
793,0.5079365079365079,0.0,0.0,0.5079365079365079,0.0,0.5079365079365079,DESTA,793
795,1.0,1.0,1.0,0.0,1.0,1.0,WB,795
797,0.0,1.0,1.0,1.0,1.0,1.0,WB,797
798,1.0,1.0,1.0,1.0,1.0,0.0,WB,798
799,1.0,1.0,1.0,1.0,1.0,1.0,WB,799
8,0.5079365079365079,0.5079365079365079,0.5079365079365079,0.5079365079365079,0.5079365079365079,0.5079365079365079,DESTA,8
80,0.0,0.0,0.0,0.0,0.0,0.0,DESTA,80
800,1.0,0.0,0.0,0.0,0.0,0.0,WB,800
801,1.0,0.0,1.0,0.0,1.0,1.0,WB,801
803,1.0,0.0,0.0,0.0,1.0,0.0,WB,803
804,1.0,1.0,1.0,0.0,1.0,1.0,WB,804
805,1.0,1.0,1.0,1.0,1.0,1.0,WB,805
806,0.9222222222222223,0.9222222222222223,0.9222222222222223,0.9222222222222223,0.0,0.0,DESTA,806
808,1.0,1.0,1.0,1.0,1.0,1.0,WB,808
81,0.0,0.0,0.0,0.0,0.0,0.0,WB,81
810,1.0,1.0,1.0,1.0,1.0,1.0,WB,810
810+2,1.0,1.0,1.0,1.0,1.0,1.0,WB,810
811,0.5079365079365079,0.0,0.0,0.0,0.0,0.0,DESTA,811
813,1.0,1.0,1.0,1.0,1.0,1.0,WB,813
814,1.0,1.0,1.0,1.0,1.0,1.0,WB,814
815,1.0,1.0,1.0,1.0,1.0,1.0,WB,815
817,1.0,1.0,1.0,1.0,1.0,1.0,WB,817
818,0.0,1.0,0.0,0.0,1.0,1.0,WB,818
819,1.0,1.0,1.0,1.0,0.0,1.0,WB,819
82,1.0,1.0,1.0,0.0,1.0,1.0,WB,82
820,0.0,1.0,1.0,1.0,1.0,1.0,WB,820
821,0.0,0.0,0.0,0.0,0.0,0.0,WB,821
825,1.0,0.0,1.0,1.0,0.0,1.0,WB,825
826,0.0,1.0,1.0,1.0,0.0,1.0,WB,826
827,1.0,1.0,1.0,0.0,0.0,0.0,WB,827
829,0.0,1.0,1.0,1.0,1.0,1.0,WB,829
83,0.0,1.0,1.0,0.0,1.0,1.0,WB,83
830,1.0,1.0,1.0,1.0,1.0,1.0,WB,830
831,1.0,0.0,0.0,0.0,0.0,1.0,WB,831
832,1.0,1.0,0.0,0.0,0.0,1.0,WB,832
833,1.0,1.0,1.0,0.0,1.0,0.0,WB,833
834,1.0,1.0,1.0,1.0,1.0,1.0,WB,834
836,0.8773388773388774,0.8773388773388774,0.8773388773388774,0.8773388773388774,0.0,0.8773388773388774,DESTA,836
837,1.0,1.0,1.0,1.0,1.0,1.0,WB,837
84,1.0,1.0,1.0,1.0,1.0,1.0,WB,84
840,0.0,1.0,1.0,0.0,1.0,1.0,WB,840
842,0.0,1.0,0.0,1.0,1.0,1.0,WB,842
844,1.0,0.0,0.0,0.0,1.0,1.0,WB,844
848,1.0,1.0,1.0,1.0,1.0,1.0,WB,848
85,0.5079365079365079,0.0,0.0,0.0,0.0,0.0,DESTA,85
85+1,0.5079365079365079,0.0,0.0,0.0,0.0,0.0,DESTA,85
852,1.0,1.0,1.0,1.0,1.0,1.0,WB,852
855,1.0,0.0,0.0,1.0,1.0,0.0,WB,855
858,1.0,0.0,1.0,1.0,1.0,0.0,WB,858
86,0.0,0.0,0.0,0.0,1.0,0.0,WB,86
862,1.0,1.0,1.0,0.0,1.0,1.0,WB,862
864,1.0,1.0,1.0,1.0,1.0,1.0,WB,864
866,1.0,1.0,1.0,1.0,1.0,1.0,WB,866
867,1.0,1.0,1.0,1.0,1.0,1.0,WB,867
869,1.0,1.0,1.0,1.0,1.0,1.0,WB,869
87,0.0,0.0,0.0,0.0,0.0,0.0,uncoded,87
872,1.0,1.0,1.0,1.0,1.0,1.0,WB,872
874,0.8230088495575221,0.8230088495575221,0.8230088495575221,0.8230088495575221,0.8230088495575221,0.8230088495575221,DESTA,874
876,1.0,1.0,1.0,1.0,1.0,1.0,WB,876
877,1.0,1.0,1.0,1.0,1.0,1.0,WB,877
89,0.0,0.0,0.0,0.0,0.0,0.0,uncoded,89
891,1.0,1.0,1.0,0.0,1.0,1.0,WB,891
895,0.8773388773388774,0.8773388773388774,0.8773388773388774,0.0,0.0,0.0,DESTA,895
9,0.8230088495575221,0.8230088495575221,0.8230088495575221,0.8230088495575221,0.0,0.8230088495575221,DESTA,9
90,0.0,0.0,0.0,0.0,1.0,0.0,WB,90
901,0.0,0.0,0.0,0.0,0.0,0.0,uncoded,901
908,0.8773388773388774,0.8773388773388774,0.8773388773388774,0.8773388773388774,0.0,0.8773388773388774,DESTA,908
909,0.0,1.0,1.0,0.0,1.0,1.0,WB,909
911,0.0,1.0,1.0,1.0,0.0,1.0,WB,911
912,1.0,1.0,1.0,1.0,0.0,1.0,WB,912
913,1.0,1.0,1.0,0.0,0.0,1.0,WB,913
914,0.0,0.0,0.0,0.0,0.0,0.0,uncoded,914
915,1.0,1.0,1.0,0.0,1.0,1.0,WB,915
916,1.0,0.0,0.0,0.0,0.0,0.0,WB,916
919,1.0,1.0,1.0,1.0,1.0,1.0,WB,919
92,0.0,0.0,0.0,0.0,1.0,0.0,WB,92
920,1.0,0.0,0.0,0.0,0.0,0.0,WB,920
928,0.0,0.0,0.0,0.0,0.0,0.0,uncoded,928
930,0.0,1.0,1.0,0.0,1.0,1.0,WB,930
931,0.0,0.0,0.0,0.0,0.0,0.0,uncoded,931
933,1.0,1.0,1.0,0.0,1.0,0.0,WB,933
936,0.0,0.0,0.0,0.0,0.0,0.0,uncoded,936
94,0.0,0.0,0.0,0.0,0.0,0.0,DESTA,94
941,0.0,1.0,1.0,0.0,0.0,0.0,WB,941
943,0.0,0.0,0.0,0.0,0.0,0.0,WB,943
948,0.0,0.0,0.0,0.0,0.0,0.0,uncoded,948
949,0.8773388773388774,0.8773388773388774,0.8773388773388774,0.8773388773388774,0.0,0.8773388773388774,DESTA,949
955,1.0,1.0,1.0,1.0,1.0,1.0,WB,955
959,0.0,0.0,0.0,0.0,0.0,0.0,uncoded,959
96,1.0,0.0,1.0,1.0,1.0,1.0,WB,96
961,1.0,1.0,1.0,1.0,1.0,0.0,WB,961
962,1.0,1.0,1.0,1.0,1.0,1.0,WB,962
963,0.0,0.0,0.0,0.0,0.0,0.0,uncoded,963
965,1.0,1.0,1.0,1.0,1.0,1.0,WB,965
966,0.0,0.0,0.0,0.0,0.0,0.0,uncoded,966
97,0.5079365079365079,0.0,0.0,0.0,0.0,0.0,DESTA,97
971,0.0,0.0,0.0,0.0,0.0,0.0,WB,971
972,1.0,1.0,1.0,1.0,1.0,1.0,WB,972
974,0.8773388773388774,0.8773388773388774,0.8773388773388774,0.0,0.8773388773388774,0.8773388773388774,DESTA,974
975,0.7586206896551724,0.7586206896551724,0.0,0.7586206896551724,0.0,0.7586206896551724,DESTA,975
976,0.5079365079365079,0.0,0.5079365079365079,0.0,0.0,0.5079365079365079,DESTA,976
978,1.0,1.0,0.0,0.0,1.0,0.0,WB,978
979,0.0,0.0,0.0,0.0,0.0,0.0,uncoded,979
979+1,0.0,0.0,0.0,0.0,0.0,0.0,WB,979
979+2,0.0,0.0,0.0,0.0,0.0,0.0,uncoded,979
98,0.5079365079365079,0.0,0.0,0.0,0.0,0.5079365079365079,DESTA,98
981,0.8773388773388774,0.8773388773388774,0.8773388773388774,0.8773388773388774,0.8773388773388774,0.8773388773388774,DESTA,981
983,1.0,0.0,0.0,1.0,0.0,1.0,WB,983
984,0.0,0.0,1.0,0.0,1.0,0.0,WB,984
987,0.8230088495575221,0.8230088495575221,0.8230088495575221,0.8230088495575221,0.8230088495575221,0.8230088495575221,DESTA,987
988,0.0,0.0,0.0,0.0,0.0,0.0,uncoded,988
988+1,0.0,0.0,0.0,0.0,0.0,0.0,uncoded,988
988+2,0.0,0.0,0.0,0.0,0.0,0.0,uncoded,988
988+3,1.0,1.0,1.0,0.0,0.0,0.0,WB,988
989,0.0,0.0,0.0,0.0,0.0,0.0,uncoded,989
99,0.5079365079365079,0.0,0.0,0.0,0.0,0.0,DESTA,99
990,1.0,1.0,1.0,0.0,1.0,1.0,WB,990
992,1.0,1.0,1.0,1.0,1.0,1.0,WB,992
993,0.0,0.0,0.0,0.0,0.0,0.0,uncoded,993
995,0.0,0.0,0.0,0.0,0.0,0.0,uncoded,995
996,0.0,0.0,0.0,0.0,0.0,0.0,uncoded,996
997,0.0,0.0,0.0,0.0,0.0,0.0,uncoded,997
