WBID,standards,investments,services,procurement,competition,iprs,matched
1,1,1,1,0,1,1,True
2,1,1,1,1,1,1,True
3,0,0,0,0,1,0,True
4,0,1,1,0,1,1,False
5,1,1,1,1,1,1,True
6,0,0,0,0,0,0,True
7,0,0,0,0,0,0,True
8,0,0,0,0,0,0,True
9,0,1,1,0,1,0,False
10,0,1,1,0,0,0,True
11,0,0,0,0,0,0,True
12,0,0,0,0,0,0,True
13,1,1,1,1,1,1,True
14,0,0,0,0,0,0,False
15,0,0,0,0,0,0,True
16,1,0,1,0,1,0,False
17,1,1,0,1,1,1,True
18,1,1,1,1,1,1,True
19,0,0,0,0,0,0,True
20,0,0,0,0,1,0,True
21,1,1,1,1,1,1,True
22,0,0,0,0,0,0,True
23,0,0,0,1,1,1,True
24,0,0,0,0,0,0,True
25,0,0,0,0,0,0,False
26,0,0,0,1,1,1,True
27,1,1,1,1,1,1,True
28,1,1,1,1,1,1,True
29,1,1,0,0,1,0,True
30,1,0,0,0,1,1,True
31,0,1,0,1,1,0,True
32,0,0,0,0,0,0,True
33,0,0,0,0,1,0,True
34,0,0,0,0,1,0,True
35,0,0,0,0,0,0,True
36,0,1,0,0,1,1,True
37,0,1,1,1,1,0,True
38,0,0,0,0,0,0,True
39,0,1,1,0,1,0,True
40,0,1,0,0,1,1,True
41,0,1,1,0,1,0,False
42,0,0,0,0,1,0,True
43,0,0,0,0,1,0,True
44,0,0,0,0,1,0,True
45,1,1,0,1,1,0,False
46,0,0,0,0,1,0,True
47,0,1,0,0,0,0,True
48,0,1,0,0,1,0,False
49,0,0,0,0,0,0,True
50,0,1,0,0,1,0,False
51,0,1,0,0,1,1,True
52,1,1,1,1,1,0,True
53,0,1,0,1,1,1,True
54,1,1,0,0,1,0,False
55,0,1,0,0,1,1,True
56,0,1,0,0,1,1,True
57,0,1,0,0,1,1,True
58,0,0,0,0,1,0,True
59,1,0,0,1,1,0,True
60,0,0,0,0,1,0,True
61,0,0,0,0,1,0,True
62,0,0,0,0,1,0,True
63,0,0,0,0,1,0,True
64,0,0,0,0,1,0,True
65,0,0,0,0,1,0,True
66,0,0,0,1,0,0,True
67,1,1,1,1,1,1,True
68,0,1,1,1,0,0,True
69,1,1,1,1,1,1,True
70,0,1,0,1,1,1,True
71,0,0,1,0,0,1,True
72,0,1,0,0,1,1,True
73,1,1,1,1,1,0,False
74,0,0,0,0,1,0,True
75,1,1,1,0,1,1,True
76,0,1,0,0,1,1,True
77,0,0,0,0,0,1,True
78,1,1,1,0,1,1,True
79,0,0,0,0,1,1,True
80,1,0,0,1,1,1,True
81,1,1,1,0,1,1,True
82,1,1,1,1,1,1,True
83,0,1,1,1,1,1,True
84,1,1,1,0,0,1,True
85,0,0,1,0,0,0,True
86,1,1,1,1,1,0,False
87,1,1,1,1,0,1,True
88,1,1,1,1,1,1,True
89,1,1,1,1,1,1,True
90,0,0,0,0,0,0,True
91,0,0,0,0,1,0,True
92,0,0,0,0,1,0,True
93,0,0,0,0,1,0,True
94,0,0,0,0,1,0,True
95,1,0,1,0,0,1,True
96,0,1,0,0,1,1,True
97,0,1,1,1,0,1,True
98,1,1,1,1,1,1,True
99,0,1,1,0,1,1,True
100,1,1,1,0,1,1,False
101,0,1,1,1,0,1,True
102,0,1,0,0,1,1,True
103,0,1,1,0,0,0,True
104,1,0,0,0,1,1,False
105,1,0,0,0,1,1,True
106,0,0,0,0,0,0,True
107,1,1,0,0,1,1,True
108,1,1,1,1,1,1,True
109,1,0,0,1,1,1,True
110,1,1,1,1,0,1,True
111,1,1,1,1,1,1,True
112,0,1,1,0,1,1,True
113,1,1,1,0,0,1,True
114,0,1,1,0,1,1,True
115,1,1,1,1,1,1,True
116,1,0,1,1,1,1,True
117,1,1,1,1,1,1,True
118,0,0,0,0,0,0,True
119,1,1,0,0,1,1,True
120,0,1,0,0,1,1,True
121,0,1,0,1,1,1,True
122,0,1,1,1,1,0,True
123,1,1,1,0,1,0,True
124,1,1,1,1,1,1,True
125,0,0,0,0,1,1,True
126,1,0,0,0,0,0,True
127,1,0,1,0,1,1,True
128,1,1,1,1,1,1,True
129,0,1,1,1,1,1,True
130,1,0,0,0,1,1,True
131,0,1,1,1,0,1,True
132,0,0,0,1,1,1,True
133,1,1,0,0,0,1,True
134,1,1,1,0,1,1,True
135,1,0,1,0,0,1,True
136,0,0,0,0,0,0,True
137,1,0,0,1,1,1,True
138,0,0,0,0,1,0,True
139,0,1,1,1,1,1,True
140,0,0,0,0,0,0,True
141,1,1,1,0,1,0,True
142,0,1,1,1,1,1,True
143,0,1,1,0,1,1,True
144,0,0,0,0,1,0,True
145,0,0,0,0,1,0,True
146,0,0,0,0,1,0,True
147,0,0,0,1,1,1,True
148,0,0,0,1,1,1,True
149,0,0,0,0,1,0,True
150,0,0,0,0,1,0,True
151,0,0,0,0,1,0,True
152,1,1,1,0,1,1,True
153,0,0,0,1,1,0,False
154,1,1,1,1,1,1,True
155,0,0,0,0,1,1,True
156,0,1,1,0,1,1,True
157,0,0,0,0,0,0,True
158,1,0,0,0,1,0,True
159,1,1,1,1,1,1,True
160,1,1,1,1,1,1,True
161,1,0,0,0,1,1,True
162,1,1,1,0,1,0,True
163,1,1,1,1,1,1,True
164,1,1,1,0,1,1,False
165,1,1,1,0,1,1,True
166,1,1,1,0,1,1,True
167,1,1,1,0,1,1,True
168,1,1,1,1,1,1,True
169,0,1,1,1,1,0,True
170,1,0,0,1,1,0,True
171,1,1,1,1,0,0,True
172,0,1,1,0,1,1,True
173,0,1,0,1,0,0,True
174,0,1,1,0,1,1,True
175,1,1,1,0,0,0,False
176,1,1,1,0,1,1,False
177,1,0,0,0,1,0,True
178,0,0,0,0,0,0,True
179,1,1,1,0,1,1,True
180,0,0,0,0,1,0,True
181,1,1,0,1,1,1,True
182,1,1,1,0,1,0,True
183,1,1,1,0,0,1,True
184,0,0,0,0,1,1,True
185,0,0,0,0,0,0,True
186,0,1,0,1,1,1,True
187,1,1,1,0,0,0,False
188,1,1,1,1,1,1,False
189,0,1,0,0,1,1,False
190,1,0,1,1,0,1,True
191,0,0,0,0,1,1,False
192,1,0,0,0,1,1,True
193,1,0,0,0,1,0,True
194,1,1,1,1,0,1,True
195,1,1,1,1,1,1,True
196,1,1,1,0,1,1,True
197,1,1,1,1,1,1,True
198,1,1,1,0,0,0,True
199,0,1,1,1,0,1,True
200,1,1,1,1,1,1,False
201,1,1,1,1,1,0,True
202,0,0,0,0,1,0,True
203,1,1,1,1,1,0,False
204,1,1,1,0,0,0,True
205,1,1,1,1,1,1,False
206,1,1,1,0,1,1,True
207,0,0,0,0,0,0,True
208,1,1,1,0,1,1,True
209,0,1,1,1,1,1,True
210,1,1,1,0,1,1,True
211,1,1,1,1,1,1,True
212,1,1,1,1,1,0,False
213,1,1,1,1,1,1,True
214,1,1,1,1,1,1,True
215,0,1,1,1,1,1,True
216,1,1,0,0,1,0,True
217,1,1,1,1,1,0,False
218,0,0,0,0,1,0,True
219,0,0,0,0,1,0,True
220,1,1,1,1,1,1,True
221,0,1,0,0,1,1,True
222,1,1,1,1,1,1,True
223,0,0,0,0,0,0,True
224,1,0,0,0,0,1,True
225,0,0,0,0,1,0,True
226,0,0,0,0,1,0,True
227,1,0,0,0,0,0,True
228,1,1,1,0,1,1,False
229,1,1,1,1,1,1,True
230,1,1,1,1,1,1,True
231,1,1,1,1,1,0,True
232,1,0,0,0,1,0,True
233,1,1,1,0,1,1,False
234,1,1,1,0,1,0,True
235,1,1,1,1,1,1,True
236,1,0,0,0,0,1,True
237,1,1,1,0,1,1,True
238,1,1,0,0,0,1,True
239,1,1,1,1,1,1,True
240,1,0,0,1,1,0,False
241,1,1,1,1,1,0,False
242,1,1,1,0,1,1,True
243,1,1,1,1,1,1,True
244,1,1,1,1,1,1,True
245,1,0,0,0,0,0,True
246,1,1,1,1,0,1,False
247,1,1,1,1,1,0,True
248,1,1,1,1,1,1,True
249,1,1,1,0,1,1,True
250,1,1,1,1,1,1,True
251,1,1,1,1,1,1,True
252,1,1,1,1,1,1,True
253,1,0,1,1,1,0,True
254,1,1,1,1,1,1,True
255,1,1,1,1,1,1,True
256,0,1,1,1,0,1,True
257,1,1,1,0,0,1,True
258,1,0,0,0,1,1,True
259,0,1,0,1,1,1,True
260,1,1,1,1,1,1,True
261,0,1,1,1,1,1,True
262,1,0,0,0,1,0,True
263,1,1,1,1,1,0,False
264,1,0,0,0,1,1,True
265,0,0,0,0,1,0,True
266,1,1,1,1,0,1,True
267,1,0,0,0,1,0,True
268,0,1,1,0,1,1,True
269,0,0,0,0,0,0,True
270,0,1,1,0,1,1,True
271,1,1,1,0,0,1,True
272,0,0,0,0,0,0,False
273,0,1,1,0,1,1,True
274,1,1,1,0,1,1,True
275,0,0,0,0,0,0,True
276,1,1,1,1,1,1,True
277,1,1,1,1,1,1,True
278,1,1,1,1,0,0,False
279,1,1,1,0,1,1,True
280,1,1,1,0,1,1,True
281,1,1,1,1,1,1,False
282,1,1,0,0,0,1,True
283,1,1,1,1,1,1,True
284,1,1,1,1,1,1,True
285,1,1,1,1,1,1,True
286,1,1,1,1,1,1,True
287,1,1,1,1,1,1,True
288,1,1,1,1,1,1,True
289,1,1,0,0,1,0,True
290,1,0,0,0,0,0,True
291,1,1,1,1,1,1,True
292,1,1,1,0,1,1,True
293,1,1,1,0,1,1,True
294,1,1,1,0,0,1,False
295,1,0,1,0,1,0,False
296,0,1,1,1,1,1,True
297,1,1,1,0,1,1,True
298,1,0,0,0,0,0,True
299,0,0,0,0,1,0,False
300,1,1,1,1,1,1,False
301,1,1,1,1,1,1,True
302,1,1,1,0,1,1,True
303,0,0,1,0,1,0,True
304,1,0,0,0,0,0,True
305,1,0,0,1,1,0,True
306,1,1,1,1,1,1,True
307,0,0,0,0,0,0,False
308,1,0,0,0,1,0,False
309,1,0,0,0,1,0,False
310,1,0,0,0,0,0,True
311,0,0,0,0,1,1,True
312,0,0,0,0,0,0,True
313,1,1,0,0,1,0,True
314,0,0,0,0,1,0,True
315,0,1,0,1,1,1,False
316,0,0,0,0,1,0,True
317,0,0,0,0,0,0,False
318,1,1,1,1,1,1,False
319,0,0,1,0,0,0,True
320,1,1,1,1,1,1,True
321,1,1,0,0,0,1,True
322,1,1,1,0,1,0,True
323,1,1,0,0,1,0,False
324,0,1,1,0,0,0,True
325,0,0,0,0,0,0,True
326,1,1,1,0,1,1,False
327,1,0,0,0,1,1,True
328,0,0,0,0,0,0,True
329,1,1,1,0,0,0,False
330,1,0,1,0,1,1,True
331,0,0,0,0,0,0,True
332,1,1,1,1,1,1,True
333,1,0,0,0,0,0,True
334,0,0,0,0,0,0,True
335,0,0,0,0,1,0,False
336,0,0,0,0,1,0,True
337,0,0,0,0,1,0,False
338,1,1,1,1,1,1,True
339,1,1,1,0,0,0,True
340,1,0,0,0,0,0,True
341,1,1,1,1,1,1,True
342,1,1,0,1,0,1,True
343,1,0,0,1,0,1,True
344,0,0,0,0,0,0,True
345,1,1,1,1,1,1,False
346,1,1,1,1,1,1,True
347,1,1,0,0,1,0,False
348,0,0,0,0,0,0,True
349,1,1,1,1,1,1,True
350,1,0,0,0,0,0,True
351,1,1,1,1,1,1,True
352,0,0,0,0,0,0,True
353,0,0,0,0,0,0,True
354,1,1,1,1,1,1,True
355,1,1,1,1,1,1,True
356,1,1,1,1,0,1,True
357,1,1,1,1,0,1,True
358,1,0,1,0,0,0,True
359,0,0,0,0,0,0,False
360,0,0,0,0,1,0,True
361,1,1,1,1,1,1,True
362,0,0,0,0,0,1,True
363,1,1,1,1,1,1,True
365,0,1,1,1,1,1,False
366,0,1,1,0,1,1,True
367,0,1,1,0,1,1,False
368,1,0,0,0,0,0,True
369,0,1,0,0,1,0,False
370,1,1,1,1,1,1,True
371,1,1,1,0,0,1,True
372,0,0,0,1,1,0,False
373,0,0,0,0,0,0,False
374,1,1,1,1,1,1,True
376,1,0,0,0,0,1,True
377,0,1,1,0,1,1,True
378,1,0,0,0,0,0,True
380,1,1,1,1,1,1,True
381,0,1,1,1,1,1,True
383,1,1,1,1,1,1,True
384,1,0,0,0,0,1,True
385,1,1,1,1,1,1,True
386,1,1,1,1,1,1,True
387,1,0,0,0,0,0,True
388,1,0,0,0,0,0,False
389,1,0,0,0,0,0,False
390,1,0,0,0,1,0,True
391,0,0,0,0,0,0,True
394,1,1,1,1,1,1,True
395,0,1,1,0,1,1,True
396,1,1,1,0,0,0,True
