ISO3,country,conv,conv_2019,rel_1995,rel_2020,conv_pp,pop_1995,region,inc_1995,D_desta_bb_mean,D_desta_max_mean,D_desta_bb_2020,D_desta_bb_1995,n_pta_desta_mean,D_wb_bb_le_mean,D_wb_bb_le_2020,D_wb_all_le_2020,n_pta_wb_2020
AFG,Afghanistan,-5.397146302569366,-3.453378956050562,1.139953799980414,1.0800592959547435,-0.059894504025670425,16.55917,"Middle East, North Africa, Afghanistan & Pakistan",L,0.6923076923076923,0.6923076923076923,1.0,0.0,1.5769230769230769,0.6923076923076923,1.0,3.0,3.0
AGO,Angola,4.841404356180417,9.66039699135739,5.89403806605105,6.186414517549991,0.2923764514989413,13.69978,Sub-Saharan Africa,L,4.0,3.0,4.0,4.0,6.230769230769231,5.153846153846154,5.0,12.0,2.0
ALB,Albania,80.60889893785969,79.86021180265067,3.741935158675753,8.378694368617017,4.636759209941264,3.187784,Europe & Central Asia,L,3.6538461538461537,4.3076923076923075,6.0,0.0,7.346153846153846,6.230769230769231,11.0,22.0,4.0
ARG,Argentina,-22.067569341025887,-13.247272191466223,25.77170450421388,20.668310898003657,-5.103393606210222,35.13382,Latin America & Caribbean,UM,4.923076923076923,4.884615384615385,5.0,3.0,27.46153846153846,11.0,11.0,19.0,9.0
ARM,Armenia,111.12900672271479,115.8369113462309,2.233869597276388,6.787109051363977,4.553239454087589,3.313537,Europe & Central Asia,L,1.5769230769230769,2.576923076923077,6.0,1.0,11.76923076923077,7.076923076923077,12.0,33.0,13.0
AZE,Azerbaijan,117.00955011340972,119.41519939138281,2.6807124519229846,8.638058656363219,5.957346204440235,7.708673,Europe & Central Asia,L,1.9615384615384615,2.0,2.0,1.0,6.923076923076923,6.538461538461538,7.0,14.0,5.0
BDI,Burundi,-49.42728242116154,-49.400000433965104,0.7265598747261315,0.4432120279542878,-0.28334784677184366,6.066316,Sub-Saharan Africa,L,4.0,3.5384615384615383,4.0,4.0,12.307692307692308,5.884615384615385,7.0,16.0,6.0
BEN,Benin,1.0908422060651068,-2.598531521270342,1.8739978954604541,1.8945518477079089,0.02055395224745471,6.226773,Sub-Saharan Africa,L,4.0,3.0,4.0,4.0,12.73076923076923,2.8076923076923075,3.0,12.0,3.0
BFA,Burkina Faso,34.35507440677443,32.22407789764678,0.8513652144191683,1.2003783717130303,0.34901315729386195,10.38672,Sub-Saharan Africa,L,4.0,3.0,4.0,4.0,13.76923076923077,2.9615384615384617,5.0,14.0,3.0
BGD,Bangladesh,68.62485315920122,63.687299483757045,1.575129517511267,3.12860180280024,1.5534722852889729,117.8216,South Asia,L,1.0,1.0,1.0,1.0,4.538461538461538,2.0,2.0,7.0,7.0
BGR,Bulgaria,33.01513561570138,33.108072596432805,9.656380153577622,13.433748529503049,3.777368375925427,8.406068,Europe & Central Asia,LM,6.0,6.538461538461538,6.0,6.0,31.192307692307693,6.461538461538462,12.0,47.0,49.0
BIH,Bosnia and Herzegovina,133.44881239159855,132.54485031208634,2.433215433033974,9.241478435487133,6.80826300245316,3.715564,Europe & Central Asia,L,3.0,2.9615384615384617,5.0,0.0,7.3076923076923075,6.961538461538462,11.0,20.0,4.0
BLR,Belarus,84.33398769517093,82.01012584798755,4.450649891796712,10.343826705351692,5.893176813554979,10.19383,Europe & Central Asia,LM,1.7692307692307692,2.6538461538461537,2.0,1.0,9.73076923076923,9.153846153846153,12.0,29.0,9.0
BOL,Bolivia,4.171221282142479,16.434047572268422,4.461542228085233,4.651578228250734,0.1900360001655006,7.874676,Latin America & Caribbean,LM,6.0,6.0,6.0,6.0,14.26923076923077,2.269230769230769,4.0,16.0,5.0
BRA,Brazil,-12.641417982755662,-10.821434645867367,15.756064472645786,13.885034012575492,-1.871030460070294,161.3456,Latin America & Caribbean,UM,4.884615384615385,4.884615384615385,5.0,2.0,21.96153846153846,11.0,11.0,19.0,10.0
BWA,Botswana,-0.35885769513695487,7.638734172587452,10.559032718293173,10.521206530024212,-0.03782618826896034,1.498836,Sub-Saharan Africa,LM,4.5,3.5,5.0,4.0,10.692307692307692,4.423076923076923,7.0,16.0,7.0
CAF,Central African Republic,-51.568473811763596,-53.39661646967404,1.1232269350338626,0.6706694127718789,-0.45255752226198376,3.348052,Sub-Saharan Africa,L,4.0,3.0,4.0,4.0,11.615384615384615,1.0769230769230769,4.0,8.0,2.0
CHL,Chile,19.77063208796011,25.598455210680697,17.390027727692555,21.191574820011844,3.8015470923192893,14.39494,Latin America & Caribbean,UM,5.653846153846154,6.538461538461538,6.0,4.0,26.26923076923077,9.76923076923077,11.0,31.0,31.0
CHN,China,156.81430025837804,152.88337433932256,3.595872721442301,17.25203085448721,13.656158133044908,1211.21,East Asia & Pacific,L,2.8846153846153846,3.4615384615384617,5.0,0.0,8.576923076923077,6.230769230769231,11.0,23.0,16.0
CIV,Ivory Coast,-13.413258151029146,-14.155750000770553,3.951801051885733,3.455748997505055,-0.49605205438067834,14.85557,Sub-Saharan Africa,L,4.0,3.0,4.0,4.0,13.73076923076923,2.9615384615384617,5.0,14.0,4.0
CMR,Cameroon,-5.4780079196543205,-5.588531437950872,2.54807941564464,2.4122492038330408,-0.13583021181159927,13.05852,Sub-Saharan Africa,L,4.0,3.0,4.0,4.0,11.615384615384615,1.3461538461538463,5.0,11.0,4.0
COD,Congo DR,-35.62926912929233,-35.75610119578527,1.1311280792812308,0.792092381105706,-0.3390356981755248,44.4337,Sub-Saharan Africa,L,4.0,3.0,4.0,4.0,12.76923076923077,7.423076923076923,8.0,16.0,5.0
COG,Republic of the Congo,-54.82979634699592,-48.53761956098314,5.020608549883924,2.9015737282314724,-2.119034821652452,2.749461,Sub-Saharan Africa,L,4.0,3.0,4.0,4.0,11.615384615384615,1.0769230769230769,4.0,8.0,2.0
COL,Colombia,-2.2576470739298973,4.3688423557046825,10.372300438381734,10.18124395336197,-0.19105648501976447,35.44849,Latin America & Caribbean,LM,6.0,6.346153846153846,6.0,6.0,22.76923076923077,11.461538461538462,12.0,27.0,14.0
CRI,Costa Rica,18.695951248766878,21.536758785846327,16.834451369966914,20.295255095577886,3.4608037256109725,3.498488,Latin America & Caribbean,LM,5.769230769230769,6.769230769230769,6.0,5.0,16.96153846153846,9.038461538461538,12.0,24.0,13.0
CUB,Cuba,41.724775098069394,50.50922069114006,8.044892843221405,12.210367405124034,4.165474561902629,10.92536,Latin America & Caribbean,LM,3.076923076923077,2.3076923076923075,4.0,0.0,16.153846153846153,1.5384615384615385,2.0,5.0,5.0
CZE,Czech Republic,18.258628960718532,20.69344841915916,27.466281282463388,32.96828504181821,5.5020037593548246,10.33076,Europe & Central Asia,UM,6.0,6.653846153846154,6.0,6.0,32.92307692307692,7.846153846153846,12.0,47.0,49.0
DOM,Dominican Republic,45.57003379371964,52.29904901741311,7.888091685724655,12.44171045143352,4.553618765708865,7.888115,Latin America & Caribbean,LM,5.3076923076923075,6.076923076923077,6.0,3.0,6.3076923076923075,8.461538461538462,12.0,22.0,4.0
DZA,Algeria,-6.237376838354535,-1.971516741669782,7.832427478834592,7.358811685380859,-0.4736157934537326,28.47019,"Middle East, North Africa, Afghanistan & Pakistan",LM,3.5384615384615383,3.9615384615384617,4.0,2.0,8.884615384615385,3.230769230769231,7.0,16.0,3.0
ECU,Ecuador,-8.843617007260018,-0.5369971259684692,9.842677988167726,9.009608844867765,-0.8330691432999604,11.59051,Latin America & Caribbean,LM,4.0,4.461538461538462,6.0,3.0,14.692307692307692,2.3076923076923075,11.0,27.0,9.0
EGY,Egypt,24.19809246848757,19.759033106989005,4.804408395883859,6.119709932964012,1.3153015370801535,65.65262,"Middle East, North Africa, Afghanistan & Pakistan",LM,3.730769230769231,4.6923076923076925,5.0,1.0,21.76923076923077,7.269230769230769,10.0,18.0,12.0
ERI,Eritrea,-45.22307915122875,-45.70175712671489,1.824695792265049,1.160884688646611,-0.663811103618438,2.025267,Sub-Saharan Africa,L,2.0,3.0,2.0,2.0,1.6923076923076923,5.0,5.0,11.0,3.0
EST,Estonia,67.62697843319263,67.94585775733522,17.03950716138708,33.50865744827207,16.46915028688499,1.448075,Europe & Central Asia,LM,5.5,6.384615384615385,6.0,3.0,39.11538461538461,7.846153846153846,12.0,47.0,49.0
ETH,Ethiopia,84.1536536970916,78.40602170881046,0.5661645822892244,1.3134619211734568,0.7472973388842324,57.53733,Sub-Saharan Africa,L,4.0,3.0,4.0,4.0,7.769230769230769,5.153846153846154,7.0,14.0,4.0
GAB,Gabon,-62.020104204199725,-60.35139414867087,20.42986564358394,10.987921611851384,-9.441944031732557,1.123213,Sub-Saharan Africa,UM,4.0,3.0,4.0,4.0,11.615384615384615,1.0769230769230769,4.0,8.0,2.0
GEO,Georgia,115.44369509186652,119.43397158386662,2.4710217769917753,7.8386668234523835,5.367645046460608,4.657722,Europe & Central Asia,L,3.3461538461538463,3.576923076923077,6.0,1.0,9.115384615384615,8.23076923076923,11.0,25.0,13.0
GHA,Ghana,39.108218843748496,38.01201953536217,2.2401860962135567,3.312295112440762,1.0721090162272051,17.39902,Sub-Saharan Africa,L,4.0,3.0,4.0,4.0,10.76923076923077,2.3846153846153846,4.0,13.0,4.0
GIN,Guinea,15.854328186257,11.233060807347128,1.75764719775567,2.05961591872982,0.3019687209741502,7.553249,Sub-Saharan Africa,L,4.0,3.0,4.0,4.0,9.576923076923077,2.1538461538461537,4.0,11.0,3.0
GMB,Gambia,-25.986458710873215,-26.782950672217353,1.4632382450137198,1.1283846243005413,-0.3348536207131785,1.264313,Sub-Saharan Africa,L,4.0,3.0,4.0,4.0,7.769230769230769,2.0,2.0,8.0,1.0
GNB,Guinea-Bissau,-15.00225271507121,-18.13909081990283,1.261832514367899,1.0860445739104192,-0.1757879404574798,1.119949,Sub-Saharan Africa,L,4.0,3.0,4.0,4.0,7.730769230769231,2.1538461538461537,4.0,11.0,2.0
GRC,Greece,-25.76206722512605,-18.905038770218358,38.036407958078186,29.3978940582755,-8.638513899802685,10.56216,Europe & Central Asia,UM,6.0,7.0,6.0,6.0,45.80769230769231,12.0,12.0,47.0,49.0
GTM,Guatemala,-5.2318756527335974,-4.534233503630325,7.100775952947411,6.738825106372885,-0.36195084657452625,10.313,Latin America & Caribbean,LM,4.846153846153846,5.846153846153846,6.0,1.0,16.153846153846153,9.192307692307692,12.0,27.0,10.0
HND,Honduras,42.984597437106814,51.55646438475057,2.3963043824731796,3.68317071861859,1.2868663361454105,5.739637,Latin America & Caribbean,L,4.846153846153846,5.846153846153846,6.0,1.0,14.307692307692308,9.23076923076923,12.0,28.0,13.0
HRV,Croatia,26.208982041291623,31.41615376561661,17.339512057897878,22.535171225312347,5.195659167414469,4.62003,Europe & Central Asia,UM,4.653846153846154,5.1923076923076925,6.0,0.0,18.23076923076923,6.0,12.0,47.0,49.0
HTI,Haiti,-33.29912264120766,-31.272058086907517,2.9896486801503133,2.1429091724523457,-0.8467395076979676,7.562546,Latin America & Caribbean,L,4.6923076923076925,5.0,6.0,3.0,4.1923076923076925,6.653846153846154,11.0,22.0,2.0
HUN,Hungary,27.99410928821258,29.639305941326892,18.479835016388908,24.44979063555244,5.969955619163532,10.32897,Europe & Central Asia,UM,5.884615384615385,6.653846153846154,6.0,5.0,30.346153846153847,7.846153846153846,12.0,47.0,49.0
IDN,Indonesia,28.60202700553533,29.31194618186341,4.794077718187562,6.3903907177471835,1.596312999559622,190.0674,East Asia & Pacific,LM,4.038461538461538,3.9615384615384617,6.0,2.0,7.3076923076923075,7.461538461538462,12.0,32.0,12.0
IND,India,71.30322511602616,75.7387080617778,1.5808497942505362,3.225199973285867,1.6443501790353308,919.0,South Asia,L,3.076923076923077,3.6923076923076925,5.0,1.0,14.884615384615385,7.346153846153846,11.0,23.0,18.0
IRN,Iran,3.371076663232786,-3.2317136929518373,8.541022199435846,8.798417473600027,0.25739527416418184,62.20557,"Middle East, North Africa, Afghanistan & Pakistan",LM,0.5769230769230769,0.5769230769230769,1.0,0.0,5.461538461538462,0.23076923076923078,3.0,11.0,3.0
IRQ,Iraq,40.946933959942875,53.416080732702255,4.707114246158159,7.089000623946595,2.381886377788436,20.82586,"Middle East, North Africa, Afghanistan & Pakistan",LM,0.8846153846153846,1.8846153846153846,1.0,0.0,5.538461538461538,0.0,0.0,3.0,2.0
JAM,Jamaica,-39.1756585138,-32.81729077923162,13.236214401886405,8.945940721877108,-4.290273680009298,2.500151,Latin America & Caribbean,LM,5.269230769230769,5.346153846153846,6.0,4.0,12.923076923076923,8.0,11.0,22.0,2.0
JOR,Jordan,-21.354886737467243,-21.025985077853836,7.928723124396337,6.404127972809453,-1.524595151586884,4.752096,"Middle East, North Africa, Afghanistan & Pakistan",LM,4.0,3.3846153846153846,5.0,0.0,20.153846153846153,6.346153846153846,9.0,19.0,7.0
KAZ,Kazakhstan,74.63703451904749,75.9469512004719,8.797796186098132,18.557457002946798,9.759660816848665,16.05585,Europe & Central Asia,LM,1.7692307692307692,2.6538461538461537,2.0,1.0,14.26923076923077,9.153846153846153,12.0,29.0,12.0
KEN,Kenya,-9.302282983584847,-9.642560178127319,2.9712315588762217,2.707307476138543,-0.26392408273767876,26.60175,Sub-Saharan Africa,L,4.0,3.8076923076923075,4.0,4.0,11.576923076923077,5.884615384615385,7.0,16.0,6.0
KGZ,Kyrgyzstan,26.116575944776084,33.00693351614933,1.4321334001563044,1.8595442212266666,0.4274108210703622,4.538422,Europe & Central Asia,L,1.8846153846153846,2.0,2.0,1.0,9.576923076923077,8.384615384615385,12.0,29.0,10.0
KHM,Cambodia,97.64955244289244,100.04544263174684,1.243316742802609,3.3011737564259853,2.0578570136233765,10.01802,East Asia & Pacific,L,2.5,3.0384615384615383,5.0,0.0,3.0,6.230769230769231,10.0,25.0,6.0
LAO,Laos,81.24963699794878,79.62662470668374,1.9195954521975733,4.3236454227065755,2.404049970509002,4.618043,East Asia & Pacific,L,3.1538461538461537,3.6923076923076925,5.0,1.0,6.1923076923076925,6.923076923076923,10.0,26.0,10.0
LBN,Lebanon,-20.51798596564381,-0.2607849595168632,13.29298032370737,10.827145596567133,-2.465834727140237,3.960735,"Middle East, North Africa, Afghanistan & Pakistan",LM,3.3846153846153846,3.1923076923076925,5.0,0.0,9.346153846153847,4.384615384615385,7.0,13.0,3.0
LBR,Liberia,67.4118192762901,69.93910700395536,0.00570665291803241,0.011198179334262945,0.0054915264162305345,2.169162,Sub-Saharan Africa,L,4.0,3.0,4.0,4.0,8.76923076923077,2.1538461538461537,4.0,11.0,2.0
LBY,Libya,-92.98698113350794,-59.32153593763082,26.016986091989118,10.266434785300296,-15.750551306688822,4.906843,"Middle East, North Africa, Afghanistan & Pakistan",UM,2.8846153846153846,2.0,3.0,2.0,7.384615384615385,3.230769230769231,7.0,14.0,5.0
LKA,Sri Lanka,56.997313055015496,59.68784455951548,4.02372935544636,7.114838304634986,3.0911089491886266,17.62501,South Asia,L,2.076923076923077,2.6923076923076925,6.0,1.0,6.3076923076923075,2.8076923076923075,3.0,9.0,8.0
LSO,Lesotho,3.1355954589625314,10.252335534958762,1.5403815726056542,1.5894471772598802,0.049065604654225936,1.951437,Sub-Saharan Africa,LM,4.5,3.5,5.0,4.0,10.807692307692308,5.0,7.0,16.0,7.0
LTU,Lithuania,91.49189914546612,88.90043062499815,11.811216946151823,29.48754117097062,17.676324224818796,3.6291,Europe & Central Asia,LM,5.769230769230769,6.538461538461538,6.0,4.0,37.53846153846154,7.846153846153846,12.0,47.0,49.0
LVA,Latvia,80.63782481500195,80.94697331419758,11.181734478540802,25.044634303201036,13.862899824660234,2.485056,Europe & Central Asia,LM,5.769230769230769,6.423076923076923,6.0,4.0,36.69230769230769,7.846153846153846,12.0,47.0,49.0
MAR,Morocco,24.61760030303612,30.51674584939075,4.128461881143441,5.280818865561125,1.1523569844176844,26.39943,"Middle East, North Africa, Afghanistan & Pakistan",LM,4.961538461538462,4.6923076923076925,6.0,1.0,20.03846153846154,8.538461538461538,12.0,23.0,9.0
MDA,Moldova,39.08347974048317,44.04863612504723,3.6290777853945726,5.364554551083967,1.7354767656893944,2.9532,Europe & Central Asia,LM,3.230769230769231,3.8846153846153846,6.0,1.0,17.846153846153847,8.846153846153847,11.0,21.0,8.0
MDG,Madagascar,-42.75290396200555,-35.35533023294736,1.0910045335929444,0.7114643163612793,-0.3795402172316651,14.05128,Sub-Saharan Africa,L,4.0,3.0,4.0,4.0,10.346153846153847,5.384615384615385,8.0,16.0,6.0
MEX,Mexico,-16.581268467720967,-9.300427088527346,18.356478947883843,15.551704884867636,-2.8047740630162075,94.49,Latin America & Caribbean,UM,6.0,7.0,6.0,6.0,29.5,12.0,12.0,32.0,24.0
MKD,Macedonia,33.624254896727976,34.77151398878252,6.899440549638139,9.656997597242052,2.757557047603913,1.998534,Europe & Central Asia,LM,4.538461538461538,4.884615384615385,6.0,0.0,10.807692307692308,8.192307692307692,11.0,19.0,5.0
MLI,Mali,-3.139100148855123,-1.5209794529629006,1.5137678362606788,1.4669871016831082,-0.04678073457757059,10.18536,Sub-Saharan Africa,L,4.0,3.0,4.0,4.0,13.76923076923077,2.9615384615384617,5.0,14.0,3.0
MMR,Myanmar,146.25726466827393,153.87747066149637,0.5320692654657734,2.2969696449728727,1.7649003795070994,42.60534,East Asia & Pacific,L,2.5,3.0384615384615383,5.0,0.0,3.0,6.346153846153846,10.0,26.0,8.0
MNG,Mongolia,64.22522956268261,68.12012531026372,3.5986138073923875,6.840093203389599,3.2414793959972115,2.224945,East Asia & Pacific,L,1.0769230769230769,1.2692307692307692,5.0,0.0,0.5,1.3461538461538463,7.0,12.0,1.0
MOZ,Mozambique,67.07418992875238,68.69072428894381,0.509060225162689,0.9955623922203329,0.48650216705764393,15.96053,Sub-Saharan Africa,L,4.1923076923076925,3.1923076923076925,5.0,4.0,8.23076923076923,3.576923076923077,6.0,15.0,5.0
MRT,Mauritania,-26.475829673561407,-25.769001704098464,3.405105620618343,2.6130493156690333,-0.7920563049493099,2.312017,Sub-Saharan Africa,L,4.0,3.0,4.0,4.0,13.846153846153847,0.3076923076923077,4.0,8.0,1.0
MUS,Mauritius,36.33868929173735,49.485413322023426,10.932672496394824,15.723284310880508,4.790611814485684,1.122457,Sub-Saharan Africa,UM,4.0,3.0,4.0,4.0,9.76923076923077,7.961538461538462,9.0,17.0,9.0
MWI,Malawi,1.753844588340342,1.0237265296423381,0.8241108512440019,0.8386920572052542,0.014581205961252341,10.15012,Sub-Saharan Africa,L,4.0,3.0,4.0,4.0,9.346153846153847,7.423076923076923,8.0,16.0,6.0
MYS,Malaysia,27.74152509651962,30.544800716154967,13.522557073153871,17.845915639526755,4.3233585663728835,20.79716,East Asia & Pacific,UM,4.3076923076923075,4.3076923076923075,6.0,2.0,9.26923076923077,6.923076923076923,10.0,30.0,15.0
NAM,Namibia,-10.39664276977581,-1.6134161297081506,7.069606301329355,6.371524281851599,-0.6980820194777557,1.60217,Sub-Saharan Africa,LM,2.5,3.5,3.0,2.0,6.730769230769231,4.615384615384615,7.0,16.0,8.0
NER,Niger,-12.2799013876485,-15.04458045134677,1.0119518068124866,0.8950119431352332,-0.1169398636772534,9.714529,Sub-Saharan Africa,L,4.0,3.0,4.0,4.0,13.76923076923077,2.9615384615384617,5.0,14.0,3.0
NGA,Nigeria,11.302347782290518,17.437989801115123,4.106797221086104,4.5982071586811095,0.4914099375950052,110.8194,Sub-Saharan Africa,L,4.0,3.0,4.0,4.0,9.115384615384615,2.1538461538461537,4.0,11.0,3.0
NIC,Nicaragua,10.160364756732953,11.097744561047683,2.963752378648141,3.2807108650988432,0.31695848645070246,4.642931,Latin America & Caribbean,L,5.3076923076923075,6.3076923076923075,6.0,1.0,16.53846153846154,8.884615384615385,12.0,28.0,11.0
NPL,Nepal,24.568580588538396,25.307140390614997,1.2961116903715395,1.6570753172008903,0.3609636268293508,19.06783,South Asia,L,0.46153846153846156,0.5769230769230769,1.0,0.0,3.0384615384615383,0.0,0.0,3.0,4.0
OMN,Oman,-39.168118688958195,-39.81395890604466,44.16160693883586,29.849679169654767,-14.311927769181093,2.120528,"Middle East, North Africa, Afghanistan & Pakistan",UM,3.0,3.730769230769231,6.0,0.0,4.653846153846154,5.884615384615385,12.0,30.0,5.0
PAK,Pakistan,0.15224595685942588,0.8404247680876109,2.69742539541725,2.701533993481953,0.004108598064703095,121.6183,"Middle East, North Africa, Afghanistan & Pakistan",L,2.3076923076923075,2.8461538461538463,4.0,0.0,9.192307692307692,5.269230769230769,10.0,17.0,11.0
PAN,Panama,44.390753009363706,62.81608886955723,13.590796191858734,21.185148624281027,7.594352432422292,2.724557,Latin America & Caribbean,LM,4.769230769230769,5.153846153846154,6.0,2.0,15.692307692307692,8.0,12.0,26.0,17.0
PER,Peru,25.442167994936877,35.65624908565838,7.646902524871395,9.862331373343634,2.2154288484722393,24.11822,Latin America & Caribbean,LM,4.615384615384615,5.384615384615385,6.0,3.0,19.615384615384617,6.076923076923077,12.0,32.0,20.0
PHL,Philippines,27.211567954701138,36.4625080688421,4.203541713471549,5.518154087052073,1.3146123735805242,68.17281,East Asia & Pacific,LM,4.038461538461538,4.038461538461538,6.0,2.0,7.615384615384615,6.653846153846154,11.0,27.0,11.0
PNG,Papua New Guinea,-37.96975787354751,-34.25738456547615,6.138205937643415,4.1989519917758145,-1.9392539458676001,4.353833,East Asia & Pacific,LM,4.0,3.0384615384615383,4.0,4.0,8.192307692307692,1.3846153846153846,2.0,7.0,5.0
POL,Poland,60.21747245313907,59.601648429462806,13.571260553900983,24.782287385865633,11.21102683196465,38.60516,Europe & Central Asia,LM,6.0,6.653846153846154,6.0,6.0,29.5,7.846153846153846,12.0,47.0,49.0
PRK,North Korea,-47.83699867647866,-45.395860389694235,1.5566953544593771,0.9648285223501236,-0.5918668321092535,22.6693,East Asia & Pacific,LM,0.0,0.0,0.0,0.0,1.0,0.0,0.0,3.0,1.0
PRY,Paraguay,-3.5807093725929495,-3.9787298600275136,10.669545046939296,10.277174270521645,-0.3923707764176516,4.579806,Latin America & Caribbean,LM,3.9615384615384617,4.923076923076923,4.0,3.0,15.0,11.0,11.0,18.0,9.0
ROU,Romania,51.06899431585974,51.729825716263655,10.992676355997459,18.318644765787877,7.325968409790418,22.62715,Europe & Central Asia,LM,6.0,7.0,6.0,6.0,28.0,6.461538461538462,12.0,47.0,49.0
RUS,Russian Federation,35.54402753463542,35.515080871401175,11.473696135980905,16.370767269265507,4.8970711332846015,148.3758,Europe & Central Asia,LM,1.7692307692307692,2.6538461538461537,2.0,1.0,15.807692307692308,7.8076923076923075,12.0,29.0,13.0
RWA,Rwanda,64.00453417970246,67.10350197437837,0.7247472056284912,1.3745309676185342,0.6497837619900431,5.674118,Sub-Saharan Africa,L,4.0,3.5384615384615383,4.0,4.0,12.307692307692308,5.884615384615385,7.0,16.0,6.0
SAU,Saudi Arabia,-40.03514389846401,-33.89833589653228,57.290304524568,38.38935310582918,-18.90095141873882,13.28924,"Middle East, North Africa, Afghanistan & Pakistan",UM,2.8076923076923075,3.3461538461538463,6.0,0.0,6.1923076923076925,4.423076923076923,11.0,27.0,4.0
SDN,Sudan,-36.17925524147633,-32.36910943471541,4.142416936934861,2.8848925353344037,-1.2575244016004574,24.67214,Sub-Saharan Africa,L,4.0,3.0,4.0,4.0,11.23076923076923,5.153846153846154,7.0,14.0,5.0
SEN,Senegal,-0.6699842610579099,-1.945497290378595,2.305357214864655,2.2899630729260503,-0.015394141938604555,8.848101,Sub-Saharan Africa,L,4.0,3.0,4.0,4.0,12.76923076923077,2.9615384615384617,5.0,14.0,3.0
SLE,Sierra Leone,-6.465719154554933,-5.4713873182494766,1.8113189567935728,1.697910258344844,-0.1134086984487288,4.179179,Sub-Saharan Africa,L,4.0,3.0,4.0,4.0,8.76923076923077,2.1538461538461537,4.0,11.0,2.0
SLV,El Salvador,-3.8243914283599634,2.0205947248220335,6.65667442427594,6.406902003374929,-0.24977242090101104,5.762131,Latin America & Caribbean,LM,5.076923076923077,5.846153846153846,6.0,2.0,15.384615384615385,9.461538461538462,12.0,28.0,13.0
SOM,Somalia,42.950962477916974,46.95069979180439,0.545065901274821,0.8376771556648345,0.29261125439001345,7.285007,Sub-Saharan Africa,L,4.0,3.0,4.0,4.0,9.846153846153847,0.3076923076923077,4.0,8.0,1.0
SVK,Slovakia,47.29477986204017,47.472046915023085,18.604014370779158,29.85418760016749,11.25017322938833,5.361725,Europe & Central Asia,LM,6.0,6.653846153846154,6.0,6.0,31.923076923076923,7.846153846153846,12.0,47.0,49.0
SVN,Slovenia,18.465665452348052,20.718845470637508,31.877725484322525,38.34270430802405,6.4649788237015215,1.988689,Europe & Central Asia,UM,5.346153846153846,6.346153846153846,6.0,3.0,35.19230769230769,7.846153846153846,12.0,47.0,49.0
SYR,Syria,-82.78686478423883,-81.30079955302007,73.80745959418486,32.252353005398845,-41.55510658878602,14.6168,"Middle East, North Africa, Afghanistan & Pakistan",LM,1.6153846153846154,1.8846153846153846,2.0,0.0,9.5,2.6923076923076925,5.0,10.0,3.0
TCD,Chad,10.159633931795419,11.16064345871457,1.3307398627824853,1.4730448846220292,0.14230502183954385,7.089064,Sub-Saharan Africa,L,4.0,3.0,4.0,4.0,12.538461538461538,1.0769230769230769,4.0,8.0,2.0
TGO,Togo,-12.252129379320612,-14.554297357568876,1.5363822753989695,1.3592174441270037,-0.1771648312719658,4.410832,Sub-Saharan Africa,L,4.0,3.0,4.0,4.0,10.76923076923077,2.9615384615384617,5.0,14.0,3.0
THA,Thailand,17.501921529100468,21.44676405196659,8.775658676713155,10.454172224400736,1.6785135476875812,58.37618,East Asia & Pacific,LM,4.461538461538462,4.384615384615385,6.0,2.0,9.153846153846153,7.6923076923076925,11.0,27.0,14.0
TJK,Tajikistan,61.66621387917106,56.89977815932157,1.1025634194159135,2.0427564073124724,0.9401929878965589,5.865068,Europe & Central Asia,L,1.7692307692307692,2.0,2.0,1.0,6.269230769230769,6.230769230769231,4.0,9.0,2.0
TKM,Turkmenistan,90.13946582585875,83.95422064629882,4.757149865874008,11.7170340785197,6.959884212645691,4.191203,Europe & Central Asia,LM,1.0,2.0,1.0,1.0,6.230769230769231,6.0,6.0,13.0,5.0
TTO,Trinidad and Tobago,43.67276641207474,50.49733647574941,17.10949366237886,26.47925726635353,9.369763603974672,1.295169,Latin America & Caribbean,UM,5.269230769230769,5.346153846153846,6.0,4.0,14.923076923076923,8.0,11.0,23.0,3.0
TUN,Tunisia,12.343610647088909,20.001972170976618,5.5723229047254215,6.304400816967982,0.7320779122425609,9.161258,"Middle East, North Africa, Afghanistan & Pakistan",LM,4.384615384615385,3.769230769230769,5.0,2.0,17.807692307692307,6.076923076923077,9.0,17.0,8.0
TUR,Turkey,41.37539333274283,37.928498485525715,13.503679103804108,20.42411546023253,6.920436356428423,59.756,Europe & Central Asia,LM,5.5,4.6923076923076925,6.0,3.0,24.884615384615383,9.807692307692308,12.0,23.0,24.0
TZA,Tanzania,35.83094397450776,34.276214449169565,1.2158098732859812,1.739712493348803,0.5239026200628218,30.3835,Sub-Saharan Africa,L,4.0,3.8076923076923075,4.0,4.0,13.576923076923077,6.653846153846154,7.0,16.0,6.0
UGA,Uganda,37.61475387011606,35.4641524566145,0.9866584482093171,1.4372275911237078,0.45056914291439065,20.66567,Sub-Saharan Africa,L,4.0,3.8076923076923075,4.0,4.0,11.576923076923077,5.884615384615385,7.0,16.0,6.0
UKR,Ukraine,6.896244165600029,7.526834633902263,3.4531946372645597,3.699740883003032,0.24654624573847217,51.66554,Europe & Central Asia,LM,3.8846153846153846,4.153846153846154,6.0,1.0,15.884615384615385,9.538461538461538,12.0,23.0,18.0
URY,Uruguay,15.976508359824154,21.09500637029213,23.331638756555087,27.373507823052176,4.041869066497089,3.18944,Latin America & Caribbean,UM,4.538461538461538,5.538461538461538,5.0,1.0,19.846153846153847,11.653846153846153,12.0,19.0,9.0
UZB,Uzbekistan,67.05234472588832,64.84783445997992,2.7261515921340913,5.33033589994245,2.604184307808359,22.79124,Europe & Central Asia,LM,1.0,2.0,1.0,1.0,7.423076923076923,6.0,6.0,13.0,4.0
VEN,Venezuela,-151.20846022246073,-119.73313948151217,9.745016600131725e-10,2.153280244881796e-10,-7.591736355249929e-10,22.19382,Latin America & Caribbean,LM,5.423076923076923,4.269230769230769,5.0,6.0,21.76923076923077,0.46153846153846156,0.0,3.0,3.0
VNM,Vietnam,92.54930794777513,88.29319567374641,2.2128566052010545,5.585028578907375,3.3721719737063203,72.49525,East Asia & Pacific,L,3.576923076923077,4.038461538461538,6.0,0.0,6.076923076923077,6.461538461538462,11.0,33.0,14.0
YEM,Yemen,-96.74077391637528,-97.63929649398145,2.705173403689473,1.0281467373009876,-1.6770266663884852,16.74006,"Middle East, North Africa, Afghanistan & Pakistan",L,0.8846153846153846,1.7692307692307692,1.0,0.0,1.7692307692307692,0.0,0.0,2.0,1.0
ZAF,South Africa,-12.66737258856059,-7.412281888848494,10.706216072460679,9.432402056449924,-1.2738140160107552,43.19977,Sub-Saharan Africa,UM,3.0,3.3076923076923075,4.0,1.0,7.346153846153846,6.153846153846154,8.0,18.0,8.0
ZMB,Zambia,11.446417908059786,14.599721258192627,1.842950656612498,2.0664492190069375,0.22349856239443944,8.785763,Sub-Saharan Africa,L,4.0,3.0,4.0,4.0,8.73076923076923,7.423076923076923,8.0,16.0,6.0
ZWE,Zimbabwe,-63.10624531778508,-55.882885351821585,,,,10.9746,Sub-Saharan Africa,L,4.0,3.0,4.0,4.0,11.73076923076923,7.615384615384615,8.0,17.0,9.0
