变体,检验,b,se,p,N,国家数
基准,H1 D,0.004421883768525191,0.00299183448754002,0.13950726767564303,3465,117
基准,H2 D×C,-0.0010440138926035045,0.002864121165122952,0.7155296839307841,1514,111
基准,H3 D×P,0.006172629416713149,0.006071443462642876,0.309966135039788,452,51
基准,H4 S,0.004325074954624302,0.002026716389511928,0.03299940085740527,1677,110
基准,Y1 D_投资×C,0.004417152287604269,0.008746361426370105,0.6136215875252751,1485,109
E1 剔除中国,H1 D,0.0035590295536811647,0.002968632257079509,0.2306619094611182,3432,116
E1 剔除中国,H2 D×C,-0.0013959192346247136,0.0028624724378447765,0.6258674777734179,1500,110
E1 剔除中国,H3 D×P,0.006004932602206004,0.006326019437009252,0.3431283329797199,438,50
E1 剔除中国,H4 S,0.004334037570559558,0.002038105604133102,0.033623519206908314,1658,109
E1 剔除中国,Y1 D_投资×C,0.004600967151787441,0.008805757714581312,0.6014116186822263,1471,108
E2 D → 门槛版 D_strict,H1 D,0.0017997503829185336,0.0025506563023372695,0.48048484357068855,3465,117
E2 D → 门槛版 D_strict,H2 D×C,-0.0007814592064431911,0.0024862104733746307,0.7533275308371996,1514,111
E2 D → 门槛版 D_strict,H3 D×P,0.004939439577254377,0.005884325351311624,0.4017652215316043,452,51
E2 D → 门槛版 D_strict,H4 S,0.004714087291938546,0.0019130434159630668,0.013842259265304024,1677,110
E2 D → 门槛版 D_strict,Y1 D_投资×C,0.004417152287604269,0.008746361426370105,0.6136215875252751,1485,109
E2 D → 宽松版 D_loose,H1 D,0.0053056540212748785,0.0030350354217903975,0.08053331269440633,3465,117
E2 D → 宽松版 D_loose,H2 D×C,-0.0014566024546455504,0.0029115974820437774,0.6169605479931319,1514,111
E2 D → 宽松版 D_loose,H3 D×P,0.006678762828529526,0.006233165428110889,0.2846372693672965,452,51
E2 D → 宽松版 D_loose,H4 S,0.00403210206906186,0.0019602858159494503,0.03986609692382803,1677,110
E2 D → 宽松版 D_loose,Y1 D_投资×C,0.004417152287604269,0.008746361426370105,0.6136215875252751,1485,109
E2 D → 只用世行 D_wbonly,H1 D,0.003533341757194938,0.0028449280179612523,0.21433226480944745,3465,117
E2 D → 只用世行 D_wbonly,H2 D×C,-0.0017938034930446403,0.0027049289180739334,0.5073382511961921,1514,111
E2 D → 只用世行 D_wbonly,H3 D×P,0.006041374593255655,0.007442434806256148,0.4174503658278421,452,51
E2 D → 只用世行 D_wbonly,H4 S,0.004709650212578867,0.001856996570922267,0.011306451248178861,1677,110
E2 D → 只用世行 D_wbonly,Y1 D_投资×C,0.004417152287604269,0.008746361426370105,0.6136215875252751,1485,109
E2 C → BTI（学习+执行+协调）,H1 D,0.004421883768525191,0.00299183448754002,0.13950726767564303,3465,117
E2 C → BTI（学习+执行+协调）,H2 D×C,0.00030266992929024153,0.004166053499086919,0.9420910117771313,2069,115
E2 C → BTI（学习+执行+协调）,H3 D×P,0.011494130712019346,0.004498944346815968,0.010943518876422642,540,51
E2 C → BTI（学习+执行+协调）,H4 S,0.004325074954624302,0.002026716389511928,0.03299940085740527,1677,110
E2 C → BTI（学习+执行+协调）,Y1 D_投资×C,-0.002927982793353474,0.007783453688208569,0.7068252248580966,2015,111
E2 C → BTI 政策学习单项,H1 D,0.004421883768525191,0.00299183448754002,0.13950726767564303,3465,117
E2 C → BTI 政策学习单项,H2 D×C,0.001435987205739192,0.003017516376158297,0.6342111533630272,2069,115
E2 C → BTI 政策学习单项,H3 D×P,0.011622282050687433,0.0045015804871765845,0.010135586216151848,540,51
E2 C → BTI 政策学习单项,H4 S,0.004325074954624302,0.002026716389511928,0.03299940085740527,1677,110
E2 C → BTI 政策学习单项,Y1 D_投资×C,-0.0008287133915275193,0.0068934877072363105,0.9043242141360879,2015,111
E2 P → 全行业限制 P_total,H1 D,0.004421883768525191,0.00299183448754002,0.13950726767564303,3465,117
E2 P → 全行业限制 P_total,H2 D×C,-0.0010440138926035045,0.002864121165122952,0.7155296839307841,1514,111
E2 P → 全行业限制 P_total,H3 D×P,0.00495026121589164,0.00623902457719911,0.42802476344018237,452,51
E2 P → 全行业限制 P_total,H4 S,0.004325074954624302,0.002026716389511928,0.03299940085740527,1677,110
E2 P → 全行业限制 P_total,Y1 D_投资×C,0.004417152287604269,0.008746361426370105,0.6136215875252751,1485,109
E2 P → 审查审批 P_screen,H1 D,0.004421883768525191,0.00299183448754002,0.13950726767564303,3465,117
E2 P → 审查审批 P_screen,H2 D×C,-0.0010440138926035045,0.002864121165122952,0.7155296839307841,1514,111
E2 P → 审查审批 P_screen,H3 D×P,-0.004390242962898576,0.007286506156404947,0.5471933229390116,452,51
E2 P → 审查审批 P_screen,H4 S,0.004325074954624302,0.002026716389511928,0.03299940085740527,1677,110
E2 P → 审查审批 P_screen,Y1 D_投资×C,0.004417152287604269,0.008746361426370105,0.6136215875252751,1485,109
E2 P → 资本账户 P_ka,H1 D,0.004421883768525191,0.00299183448754002,0.13950726767564303,3465,117
E2 P → 资本账户 P_ka,H2 D×C,-0.0010440138926035045,0.002864121165122952,0.7155296839307841,1514,111
E2 P → 资本账户 P_ka,H3 D×P,-0.0012408653631701414,0.005577090483875252,0.8239635054326224,1485,109
E2 P → 资本账户 P_ka,H4 S,0.004325074954624302,0.002026716389511928,0.03299940085740527,1677,110
E2 P → 资本账户 P_ka,Y1 D_投资×C,0.004417152287604269,0.008746361426370105,0.6136215875252751,1485,109
E2 S → −SD 口径（控制总增幅）,H1 D,0.004421883768525191,0.00299183448754002,0.13950726767564303,3465,117
E2 S → −SD 口径（控制总增幅）,H2 D×C,-0.0010440138926035045,0.002864121165122952,0.7155296839307841,1514,111
E2 S → −SD 口径（控制总增幅）,H3 D×P,0.006172629416713149,0.006071443462642876,0.309966135039788,452,51
E2 S → −SD 口径（控制总增幅）,H4 S,0.005005171828414314,0.0038329567352331406,0.19170286121859448,3465,117
E2 S → −SD 口径（控制总增幅）,Y1 D_投资×C,0.004417152287604269,0.008746361426370105,0.6136215875252751,1485,109
剔除 DB 数据违规 4 国,H1 D,0.0033606434075031904,0.003090589620648562,0.2769506699310331,3371,114
剔除 DB 数据违规 4 国,H2 D×C,-0.00175417423721764,0.002872831251236019,0.5415625594984597,1472,108
剔除 DB 数据违规 4 国,H3 D×P,0.00618108259149042,0.006028811977871534,0.30594193712094775,427,48
剔除 DB 数据违规 4 国,H4 S,0.005368463898907879,0.0019674359177871206,0.006435204448654419,1615,107
剔除 DB 数据违规 4 国,Y1 D_投资×C,0.004069022648751568,0.008862020419006002,0.6462000622280835,1443,106
Driscoll-Kraay 标准误,H1 D,0.004421883768525191,0.002691952316251417,0.10055441776619656,3465,117
Driscoll-Kraay 标准误,H2 D×C,-0.0010440138926035045,0.0012423840171573736,0.4008684565592717,1514,111
Driscoll-Kraay 标准误,H3 D×P,0.006172629416713149,0.0029268762477931234,0.03560984869280892,452,51
Driscoll-Kraay 标准误,H4 S,0.004325074954624302,0.001585178494230587,0.006436400789430197,1677,110
Driscoll-Kraay 标准误,Y1 D_投资×C,0.004417152287604269,0.004409522809924018,0.31665249173105137,1485,109
全样本（含高收入国家）,H1 D,0.005014636661414732,0.002520245084834955,0.04668518963633339,4319,145
全样本（含高收入国家）,H2 D×C,-0.0016378717034882524,0.003038380268115375,0.5899142229418533,1894,139
全样本（含高收入国家）,H3 D×P,0.0015647687896174713,0.005525887823431266,0.7771342156467669,765,75
全样本（含高收入国家）,H4 S,0.004040284642882107,0.0018750612222286104,0.03132121493618234,1872,125
全样本（含高收入国家）,Y1 D_投资×C,0.0052496507544046835,0.008499310428300358,0.5368853838155443,1842,135
加入 EIA 协定数（深度 vs 数量）,H1 D,0.004243609364200194,0.0029272052679460638,0.1472332478990026,3465,117
加入 EIA 协定数（深度 vs 数量）,H2 D×C,-0.0013872511539712372,0.0028341546449266925,0.6245825281808273,1514,111
加入 EIA 协定数（深度 vs 数量）,H3 D×P,0.005695689797723498,0.0057130367514239885,0.3194250340195237,452,51
加入 EIA 协定数（深度 vs 数量）,H4 S,0.004655396279836694,0.0021151897763464845,0.0278900887651381,1677,110
加入 EIA 协定数（深度 vs 数量）,Y1 D_投资×C,0.004417152287604269,0.008746361426370105,0.6136215875252751,1485,109
不控制国家能力,H1 D,0.005319031732120153,0.003032537369917514,0.0795246547658599,3489,118
不控制国家能力,H2 D×C,-0.001358442025338231,0.0027986364053928497,0.6274737576764524,1514,111
不控制国家能力,H3 D×P,0.006439449430085977,0.005877413205451336,0.27394169355896825,452,51
不控制国家能力,H4 S,0.0037732306790415624,0.0019940648601439845,0.05864803975003685,1689,111
不控制国家能力,Y1 D_投资×C,0.0022387196013012606,0.009010366851552027,0.8038157513285955,1485,109
