ISO3,S_sd,S_jump,D_rise,D_1990,D_2020
ABW,-0.0,,0.0,4.0,4.0
AFG,-0.17668469596940847,0.0,1.0,0.0,1.0
AGO,-0.6558575992866776,0.4787057522123894,4.299643281807372,0.7586206896551724,3.0
AIA,-0.0,,0.0,4.0,4.0
ALB,-0.6211621917936496,0.49769024336234313,6.0,0.0,6.0
AND,-0.0,,0.0,0.0,0.0
ARE,-0.5661645474778622,0.5846560846560847,6.0,0.0,6.0
ARG,-0.7936788723705172,0.0,4.492063492063492,1.507936507936508,6.0
ARM,-0.7795513531351338,0.5714285714285714,7.0,0.0,6.0
ATG,-0.2818881506030425,0.40111453475081427,2.492063492063492,3.507936507936508,6.0
AUS,-0.6380528449164203,0.062835620447653,3.853331573664151,2.146668426335849,6.0
AUT,-0.0,,0.0,6.0,6.0
AZE,-0.46810651361358807,0.5517241379310345,5.0,0.0,5.0
BDI,-0.26402254983279244,0.1399999999999999,1.724137931034483,2.275862068965517,4.0
BEL,-0.0,,0.0,6.0,6.0
BEN,-0.42766724028425973,0.5,4.0,0.0,4.0
BFA,-0.42766724028425973,0.5,4.0,0.0,4.0
BGD,-0.10960141809984388,0.4605348146234337,0.941555677187861,2.0,2.941555677187861
BGR,-0.8547126721171924,0.19753839894212188,6.0,0.0,6.0
BHR,-0.6793519117984333,0.5,6.0,0.0,6.0
BHS,-0.29729051514634536,0.5023764914183824,3.0,3.0,6.0
BIH,-0.5359747786569004,0.5624688378690628,6.0,0.0,6.0
BLR,-0.5913000896717213,0.5,6.0,0.0,6.0
BLZ,-0.29729051514634536,0.5023764914183824,3.0,3.0,6.0
BMU,-0.0,,0.0,4.0,4.0
BOL,-0.5092584326093466,0.34894420849004526,4.241379310344827,1.7586206896551724,6.0
BRA,-0.9703635683399259,0.0,5.492063492063492,0.5079365079365079,6.0
BRB,-0.29729051514634536,0.5023764914183824,3.0,3.0,6.0
BRN,-0.6793519117984333,0.5,6.0,0.0,6.0
BTN,-0.0,,0.0,0.0,0.0
BWA,-0.4241265631888709,0.507457898957498,4.118773946360154,0.8812260536398467,5.0
CAF,-0.16023203883078901,0.488372093023256,1.4827586206896552,1.5172413793103448,3.0
CAN,-0.7692820390880437,0.0,4.353982300884956,1.646017699115044,6.0
CHE,-0.0,,0.0,6.0,6.0
CHL,-0.31793585253348944,0.7488719312669199,4.482758620689655,1.5172413793103448,6.0
CHN,-0.7370103005674751,0.33333333333333337,6.0,0.0,6.0
CIV,-0.427512212523371,0.5,4.0,0.0,4.0
CMR,-0.16023203883078901,0.488372093023256,1.4827586206896552,1.5172413793103448,3.0
COD,-0.26402254983279244,0.1399999999999999,1.724137931034483,2.275862068965517,4.0
COG,-0.16023203883078901,0.488372093023256,1.4827586206896552,1.5172413793103448,3.0
COK,-0.5553103392034404,0.44522968197879853,4.492063492063492,0.5079365079365079,5.0
COL,-0.6009189893468241,0.2220353238015138,4.241379310344827,1.7586206896551724,6.0
COM,-0.42823194548125654,0.3085106382978724,3.2413793103448274,0.7586206896551724,4.0
CPV,-0.3743142866797759,0.33333333333333337,3.0,0.0,3.0
CRI,-0.6912517847578596,0.07777777777777772,4.241379310344827,1.7586206896551724,6.0
CUB,-0.5573598953982444,0.005780074352619402,3.1734645949801847,0.0,3.1734645949801847
CYM,-0.0,,0.0,4.0,4.0
CYP,-0.904010561417019,0.023460875907285628,5.242126480221718,0.7578735197782817,6.0
CZE,-0.6500310864708306,0.44249321469339786,6.0,0.0,6.0
DEU,-0.0,,0.0,6.0,6.0
DJI,-0.42823194548125654,0.3085106382978724,3.2413793103448274,0.7586206896551724,4.0
DMA,-0.2818881506030425,0.40111453475081427,2.492063492063492,3.507936507936508,6.0
DNK,-0.0,,0.0,6.0,6.0
DOM,-1.0601081758164506,0.0,6.0,0.0,6.0
DZA,-0.3046966047634232,0.5375692829012294,3.2397089071466016,0.7586206896551724,3.9983295968017742
ECU,-0.4288326032424776,0.4714503517201465,4.241379310344827,1.7586206896551724,6.0
EGY,-0.42196987772817063,0.5110265407003295,4.119141601378941,0.8808583986210592,5.0
ERI,-0.5300540879082253,0.0,3.0,0.0,3.0
ESH,-0.4138319739658092,0.25287356321839083,3.0,0.0,3.0
ESP,-0.0,,0.0,6.0,6.0
EST,-0.38685116906371647,0.7814631919802185,6.0,0.0,6.0
ETH,-0.42823194548125654,0.3085106382978724,3.2413793103448274,0.7586206896551724,4.0
FIN,-0.0,,0.0,6.0,6.0
FJI,-0.35336939193881695,0.0,2.0,0.5079365079365079,2.507936507936508
FRA,-0.0,,0.0,6.0,6.0
FRO,-0.635192083924269,0.4378463515525748,6.0,0.0,6.0
FSM,-0.5746077520248881,0.4317773788150808,4.632016632016632,0.0,4.632016632016632
GAB,-0.16023203883078901,0.488372093023256,1.4827586206896552,1.5172413793103448,3.0
GBR,-0.0,,0.0,6.0,6.0
GEO,-0.7370103005674751,0.33333333333333337,6.0,0.0,6.0
GHA,-0.3743142866797759,0.33333333333333337,3.0,0.0,3.0
GIN,-0.4138319739658092,0.25287356321839083,3.0,0.0,3.0
GMB,-0.3743142866797759,0.33333333333333337,3.0,0.0,3.0
GNB,-0.3743142866797759,0.33333333333333337,3.0,0.0,3.0
GNQ,-0.16023203883078901,0.488372093023256,1.4827586206896552,1.5172413793103448,3.0
GRC,-0.0,,0.0,6.0,6.0
GRD,-0.2818881506030425,0.40111453475081427,2.492063492063492,3.507936507936508,6.0
GRL,-0.0,,0.0,4.0,4.0
GTM,-0.749386813939215,0.0,4.241379310344827,1.7586206896551724,6.0
GUY,-0.29729051514634536,0.5023764914183824,3.0,3.0,6.0
HKG,-0.6435463659116131,0.5,6.0,0.0,6.0
HND,-0.749386813939215,0.0,4.241379310344827,1.7586206896551724,6.0
HRV,-0.41315585724694986,0.6844349783449135,6.0,0.0,6.0
HTI,-0.7370103005674751,0.5,6.0,0.0,6.0
HUN,-0.6187391503265963,0.4433354729409785,6.0,0.0,6.0
IDN,-0.614496071794911,0.546242774566474,5.492063492063492,0.5079365079365079,6.0
IND,-0.3352356401746214,0.75,4.0,2.0,6.0
IRL,-0.0,,0.0,6.0,6.0
IRN,-0.22199862372340354,0.4856652133703263,2.0,0.0,2.0
IRQ,-0.0897446074765249,0.0,0.5079365079365079,0.0,0.5079365079365079
ISL,-0.0,,0.0,6.0,6.0
ISR,-0.12992522552252228,0.3333333333333339,1.0,5.0,6.0
ITA,-0.0,,0.0,6.0,6.0
JAM,-0.29729051514634536,0.5023764914183824,3.0,3.0,6.0
JOR,-0.4671926301653268,0.6,5.0,0.0,5.0
JPN,-0.8951249629362329,0.16666666666666663,6.0,0.0,6.0
KAZ,-0.5913000896717213,0.5,6.0,0.0,6.0
KEN,-0.2294272725305404,0.04290718038528851,1.357907253269917,2.642092746730083,4.0
KGZ,-0.5662925986865642,0.6851453175457481,7.118773946360153,0.0,6.0
KHM,-0.567345762578794,0.4,5.0,0.0,5.0
KIR,-0.5553103392034404,0.44522968197879853,4.492063492063492,0.5079365079365079,5.0
KNA,-0.2818881506030425,0.40111453475081427,2.492063492063492,3.507936507936508,6.0
KOR,-0.7067387838776339,0.0,4.0,2.0,6.0
KWT,-0.5661645474778622,0.5846560846560847,6.0,0.0,6.0
LAO,-0.36851066407606664,0.33333333333333337,3.0,2.0,5.0
LBN,-0.5154676076855291,0.5060977560268078,4.999018690035713,0.0,4.999018690035713
LBR,-0.3743142866797759,0.33333333333333337,3.0,0.0,3.0
LBY,-0.338767792188864,0.4652144545761566,3.2413793103448274,0.7586206896551724,4.0
LCA,-0.2818881506030425,0.40111453475081427,2.492063492063492,3.507936507936508,6.0
LIE,-1.0601081758164506,0.0,6.0,0.0,6.0
LKA,-0.37273026541877,0.48786949074509545,3.603163454828014,2.0,5.603163454828014
LSO,-0.6761601276483747,0.6553406404470234,6.1474435196195,0.8812260536398467,5.0
LTU,-0.401793852422029,0.7093181748602537,6.0,0.0,6.0
LUX,-0.0,,0.0,6.0,6.0
LVA,-0.4154416519901879,0.7210905708620512,6.0,0.0,6.0
MAC,-0.722753435561551,0.19999999999999996,5.0,0.0,5.0
MAR,-0.6375209886102982,0.35648200769834226,5.241379310344827,0.7586206896551724,6.0
MCO,-0.0,,0.0,0.0,0.0
MDA,-0.5913000896717213,0.5,6.0,0.0,6.0
MDG,-0.42823194548125654,0.3085106382978724,3.2413793103448274,0.7586206896551724,4.0
MDV,-0.0,,0.0,0.0,0.0
MEX,-0.7206362376428317,0.20317460317460312,5.0,1.0,6.0
MHL,-0.46503705841428494,0.0,2.632016632016632,0.0,2.632016632016632
MKD,-0.49426010622595096,0.5846560846560847,6.0,0.0,6.0
MLI,-0.42766724028425973,0.5,4.0,0.0,4.0
MLT,-1.0601081758164506,0.0,6.0,0.0,6.0
MMR,-0.5734318978913285,0.4,5.0,0.0,5.0
MNE,-1.0601081758164506,0.0,6.0,0.0,6.0
MNG,-0.7094402043570103,0.11267605633802813,4.507936507936508,0.0,4.507936507936508
MOZ,-0.7387081665497748,0.6442053605134013,6.299643281807372,0.7586206896551724,5.0
MRT,-0.3332482838986572,0.5827046918123275,2.9748221127531473,0.7586206896551724,3.0
MSR,-0.0503728289711924,,0.49166638025202936,4.507936507936508,4.999602888188537
MUS,-0.5218911412479492,0.4715447154471545,4.241379310344827,0.7586206896551724,5.0
MWI,-0.5218911412479492,0.4715447154471545,4.241379310344827,0.7586206896551724,5.0
MYS,-0.5582787005368695,0.5015873015873016,5.0,0.5079365079365079,5.507936507936508
NAM,-0.5734318978913285,0.4,5.0,0.0,5.0
NCL,-0.0,,0.0,4.0,4.0
NER,-0.42766724028425973,0.5,4.0,0.0,4.0
NGA,-0.37339370763018465,0.33333333333333337,3.0,0.0,3.0
NIC,-0.6650254297805968,0.07777777777777761,4.080459770114943,1.9195402298850572,6.0
NIU,-0.5553103392034404,0.44522968197879853,4.492063492063492,0.5079365079365079,5.0
NLD,-0.0,,0.0,6.0,6.0
NOR,-0.0,,0.0,6.0,6.0
NPL,-0.0,,0.0,0.0,0.0
NRU,-0.6271684546846317,0.4,5.0,0.0,5.0
NZL,-0.39614943548293396,0.0,2.2421264802217182,3.7578735197782818,6.0
OMN,-0.6793519117984335,0.5,6.0,0.0,6.0
PAK,-0.46810651361358807,0.5517241379310345,5.0,0.0,5.0
PAN,-0.7737272733635213,0.12611952611952615,5.0,1.0,6.0
PCN,-0.0,,0.0,4.0,4.0
PER,-0.43125856117632194,0.47115379678857217,4.241379310344827,1.7586206896551724,6.0
PHL,-0.5604581686078924,0.546242774566474,5.492063492063492,0.5079365079365079,6.0
PLW,-0.46503705841428494,0.0,2.632016632016632,0.0,2.632016632016632
PNG,-0.5147792203973989,0.4777392401072047,4.1863841863841875,0.5079365079365079,4.694320694320695
POL,-0.6049722641047849,0.4792354780464173,6.0,0.0,6.0
PRK,-0.0,,0.0,0.0,0.0
PRT,-0.0,,0.0,6.0,6.0
PRY,-1.0601081758164506,0.0,6.0,0.0,6.0
PSE,-0.4149348785060411,0.6802721088435374,4.666666666666666,0.0,4.666666666666666
PYF,-0.0,,0.0,4.0,4.0
QAT,-0.5661645474778622,0.5846560846560847,6.0,0.0,6.0
ROU,-0.8577323134869,0.20051085568326943,6.0,0.0,6.0
RUS,-0.47366919245616856,0.6666666666666667,6.0,0.0,6.0
RWA,-0.26402254983279244,0.1399999999999999,1.724137931034483,2.275862068965517,4.0
SAU,-0.5661645474778622,0.5846560846560847,6.0,0.0,6.0
SDN,-0.5531105870800727,0.25,4.0,0.0,4.0
SEN,-0.42766724028425973,0.5,4.0,0.0,4.0
SGP,-0.614496071794911,0.546242774566474,5.492063492063492,0.5079365079365079,6.0
SLB,-0.5553103392034404,0.44522968197879853,4.492063492063492,0.5079365079365079,5.0
SLE,-0.3743142866797759,0.33333333333333337,3.0,0.0,3.0
SLV,-0.7209547938981609,0.0,4.080459770114943,1.9195402298850572,6.0
SMR,-0.0,,0.0,0.0,0.0
SOM,-0.2858483981861383,0.3083154393499219,2.2413793103448274,0.7586206896551724,3.0
SPM,-0.0,,0.0,4.0,4.0
SRB,-0.6241836020733494,0.49022912792924034,6.0,0.0,6.0
SSD,-0.5300540879082253,0.0,3.0,0.0,3.0
STP,-0.18218737077385508,0.488372093023256,1.4827586206896552,1.5172413793103448,3.0
SUR,-0.6150608758391413,0.5,6.0,0.0,6.0
SVK,-0.6556949718355041,0.44249321469339786,6.0,0.0,6.0
SVN,-0.48876029652895564,0.7115650763403607,6.0,0.0,6.0
SWE,-0.0,,0.0,6.0,6.0
SWZ,-0.5061546235103787,0.48558139534883726,4.118773946360154,0.8812260536398467,5.0
SYC,-0.3988314044225431,0.3650036683785767,3.2413793103448274,0.7586206896551724,4.0
SYR,-0.45199600464713297,0.33684210526315794,3.7578735197782818,0.0,3.7578735197782818
TCA,-0.0,,0.0,4.0,4.0
TCD,-0.16023203883078901,0.488372093023256,1.4827586206896552,1.5172413793103448,3.0
TGO,-0.42766724028425973,0.5,4.0,0.0,4.0
THA,-0.5604581686078924,0.546242774566474,5.492063492063492,0.5079365079365079,6.0
TJK,-0.710988883863113,0.4702567313713212,6.118773946360153,0.0,3.7586206896551726
TKM,-0.5531105870800728,0.25,4.0,0.0,4.0
TON,-0.5553103392034404,0.44522968197879853,4.492063492063492,0.5079365079365079,5.0
TTO,-0.29729051514634536,0.5023764914183824,3.0,3.0,6.0
TUN,-0.5412830842964871,0.2926829268292681,4.241379310344827,0.7586206896551724,5.0
TUR,-0.5208892714874496,0.5930888575458393,5.058263971462544,0.9417360285374554,6.0
TUV,-0.5553103392034404,0.44522968197879853,4.492063492063492,0.5079365079365079,5.0
TWN,-0.8951249629362329,0.16666666666666663,6.0,0.0,6.0
TZA,-0.2912514307539697,0.4488149268784667,2.357907253269917,2.642092746730083,5.0
UGA,-0.2294272725305404,0.04290718038528851,1.357907253269917,2.642092746730083,4.0
UKR,-0.7259884397403578,0.33333333333333337,6.0,0.0,6.0
URY,-1.0601081758164506,0.0,6.0,0.0,6.0
USA,-0.03127162760520508,,0.17699115044247815,5.823008849557522,6.0
UZB,-0.5531105870800728,0.25,4.0,0.0,4.0
VCT,-0.2818881506030425,0.40111453475081427,2.492063492063492,3.507936507936508,6.0
VEN,-0.8478062132785649,0.3825579683306314,6.635624772860736,1.0,6.0
VNM,-0.5779541398884945,0.5,6.0,0.0,6.0
VUT,-0.6271684546846317,0.4,5.0,0.0,5.0
WLF,-0.0,,0.0,4.0,4.0
WSM,-0.5553103392034404,0.44522968197879853,4.492063492063492,0.5079365079365079,5.0
XKX,-0.8269061327040438,0.25396825396825395,6.0,0.0,6.0
YEM,-0.0897446074765249,0.0,0.5079365079365079,0.0,0.5079365079365079
YUG,-0.0,,0.0,0.0,0.0
ZAF,-0.7936788723705172,0.0,4.492063492063492,0.5079365079365079,5.0
ZMB,-0.5218911412479492,0.4715447154471545,4.241379310344827,0.7586206896551724,5.0
ZWE,-0.45591033579074364,0.4715447154471545,4.241379310344827,0.7586206896551724,5.0
