D口径,控制,FE,样本,时期,b_D,b_D2,se_D2,p_D2,拐点,N,国家数,支持
D,Aizenman六项,年份,发展中国家,1990–2023,0.015155187448860024,-0.002073830955827994,0.0007745246084821275,0.007450016844859686,3.653910991701151,3744,119,True
D,Aizenman六项,年份,发展中国家,1995–2019,0.004034643297678617,-0.000474754178693389,0.0007961158245111806,0.551000353770664,4.24919198055581,2799,118,False
D,Aizenman六项,年份,剔除中东欧入盟国,1990–2023,0.014194837911508633,-0.0019474840912764065,0.000810619811936492,0.016340209076854295,3.644404073720867,3437,109,True
D,Aizenman六项,年份,剔除中东欧入盟国,1995–2019,0.003883520422686132,-0.0003919460143202016,0.0008350988132879121,0.6388681916645536,4.954152205657431,2565,108,False
D,Aizenman六项,年份,全部国家,1990–2023,0.01266745899405792,-0.0016227764642032742,0.0006503667712844968,0.012625354325071392,3.903020309170307,4669,148,True
D,Aizenman六项,年份,全部国家,1995–2019,0.0005590241492480241,-2.722535056379933e-05,0.0006582434544806983,0.9670109131987066,10.2666106711467,3484,147,False
D,Aizenman六项,区域×年份,发展中国家,1990–2023,0.007654351297672544,-0.0009944083303251203,0.0007794499430435208,0.20211933018210826,3.848696287152967,3744,119,False
D,Aizenman六项,区域×年份,发展中国家,1995–2019,0.001203147950055774,-0.0001639313256457168,0.0008316598492914332,0.843754644760303,3.6696706542103468,2799,118,False
D,Aizenman六项,区域×年份,剔除中东欧入盟国,1990–2023,0.006572139163566435,-0.0007992294179590629,0.0008088073147666162,0.3231519729501682,4.111547332898015,3437,109,False
D,Aizenman六项,区域×年份,剔除中东欧入盟国,1995–2019,0.0011650857902925596,-8.74274755605229e-05,0.0008655413184851796,0.9195521083012848,6.663155849021471,2565,108,False
D,Aizenman六项,区域×年份,全部国家,1990–2023,0.00861860368771682,-0.0008640407442244888,0.0005736772046791021,0.1321039586439401,4.987382681503267,4669,148,False
D,Aizenman六项,区域×年份,全部国家,1995–2019,-0.0022641685286271503,0.00026432002176577697,0.0006541210384674372,0.6861781404416796,4.283006095227829,3484,147,False
D,+能力、hc,年份,发展中国家,1990–2023,0.01617163354795597,-0.0022518023525473748,0.0006935023558977479,0.0011779310163828605,3.590819933566026,3465,117,True
D,+能力、hc,年份,发展中国家,1995–2019,0.009816724726631533,-0.001221977980166274,0.000756728721677063,0.10647583932938698,4.01673552468424,2665,115,False
D,+能力、hc,年份,剔除中东欧入盟国,1990–2023,0.015134232752934447,-0.0020984307700205405,0.0007153686566467953,0.003378459698127001,3.6060834050737602,3166,107,True
D,+能力、hc,年份,剔除中东欧入盟国,1995–2019,0.010444841536850368,-0.0012275168634651782,0.0007994195296730541,0.12479656948747131,4.254459489609555,2431,105,False
D,+能力、hc,年份,全部国家,1990–2023,0.014381936447303071,-0.001888192050952218,0.000582484421374059,0.0011979656056733123,3.8083881457000732,4319,145,True
D,+能力、hc,年份,全部国家,1995–2019,0.007970324917820541,-0.0008988648953696697,0.0006497673236975669,0.16665173356815832,4.433550002274059,3311,143,False
D,+能力、hc,区域×年份,发展中国家,1990–2023,0.008456290809610757,-0.0011154978968638634,0.0006894682184378763,0.10578228545752744,3.7903660927487937,3465,117,False
D,+能力、hc,区域×年份,发展中国家,1995–2019,0.006237401135097706,-0.0008417032284111374,0.0007443745398345264,0.25827276653029574,3.705225859042917,2665,115,False
D,+能力、hc,区域×年份,剔除中东欧入盟国,1990–2023,0.008326588489385656,-0.0010465048241835135,0.0006850779844102732,0.12673013558352708,3.9782848090939704,3166,107,False
D,+能力、hc,区域×年份,剔除中东欧入盟国,1995–2019,0.007136036805613913,-0.0008722074273219219,0.000771952104381699,0.25865501481571407,4.090791124953401,2431,105,False
D,+能力、hc,区域×年份,全部国家,1990–2023,0.00979554520350042,-0.0011046866871031698,0.0005166294884487806,0.032557311831435065,4.433630511646415,4319,145,True
D,+能力、hc,区域×年份,全部国家,1995–2019,0.0050143059734170225,-0.0006727695176196626,0.0006254413477709522,0.28216109975119963,3.726615016059456,3311,143,False
D,+能力、hc、Geo,年份,发展中国家,1990–2023,0.015474123673348689,-0.002151419178584976,0.0007393387001819184,0.0036397710018458707,3.5962595823669923,3405,117,True
D,+能力、hc、Geo,年份,发展中国家,1995–2019,0.009743493482222343,-0.0012083726687182673,0.0007531100437147074,0.10872940042185308,4.031659162134709,2623,115,False
D,+能力、hc、Geo,年份,剔除中东欧入盟国,1990–2023,0.015719111654024922,-0.002157040880113406,0.0007699373529034766,0.005118348093089864,3.6436749527896044,3112,107,True
D,+能力、hc、Geo,年份,剔除中东欧入盟国,1995–2019,0.010267039382747378,-0.001210013685389299,0.0007988576562807582,0.12999405432979882,4.242530273301889,2389,105,False
D,+能力、hc、Geo,年份,全部国家,1990–2023,0.015474123673348689,-0.002151419178584976,0.0007393387001819184,0.0036397710018458707,3.5962595823669923,3405,117,True
D,+能力、hc、Geo,年份,全部国家,1995–2019,0.009743493482222343,-0.0012083726687182673,0.0007531100437147074,0.10872940042185308,4.031659162134709,2623,115,False
D,+能力、hc、Geo,区域×年份,发展中国家,1990–2023,0.007697204167179247,-0.0010588245104665402,0.0007210416318564795,0.14208006549826413,3.6347874889048883,3405,117,False
D,+能力、hc、Geo,区域×年份,发展中国家,1995–2019,0.005629622233336684,-0.0008064751378391151,0.0007507596514956381,0.2828380340151142,3.4902639704559286,2623,115,False
D,+能力、hc、Geo,区域×年份,剔除中东欧入盟国,1990–2023,0.008155368581144342,-0.0010633645657358072,0.0007275991012590518,0.14399875855965671,3.8347001790026463,3112,107,False
D,+能力、hc、Geo,区域×年份,剔除中东欧入盟国,1995–2019,0.006443313389462452,-0.000825085458723551,0.0007798628396679638,0.29018131670559777,3.904633951148881,2389,105,False
D,+能力、hc、Geo,区域×年份,全部国家,1990–2023,0.007697204167179247,-0.0010588245104665402,0.0007210416318564795,0.14208006549826413,3.6347874889048883,3405,117,False
D,+能力、hc、Geo,区域×年份,全部国家,1995–2019,0.005629622233336684,-0.0008064751378391151,0.0007507596514956381,0.2828380340151142,3.4902639704559286,2623,115,False
D_strict,Aizenman六项,年份,发展中国家,1990–2023,0.011410578781487036,-0.0017480035185378007,0.0006919641212740676,0.011574829685528032,3.263888962601159,3744,119,True
D_strict,Aizenman六项,年份,发展中国家,1995–2019,0.004418282940998981,-0.0006331451575329455,0.0007281816500153492,0.3846590801980969,3.489154807891804,2799,118,False
D_strict,Aizenman六项,年份,剔除中东欧入盟国,1990–2023,0.011567150294307759,-0.001696361187662628,0.0007325091105255827,0.020629200744162857,3.4094007745620005,3437,109,True
D_strict,Aizenman六项,年份,剔除中东欧入盟国,1995–2019,0.004476386299072179,-0.0005163329467527296,0.0007919811330836185,0.5144945229952333,4.3347866209435475,2565,108,False
D_strict,Aizenman六项,年份,全部国家,1990–2023,0.010439335049134713,-0.001465132441386295,0.0005964177411138555,0.01406533650586228,3.562590914735704,4669,148,True
D_strict,Aizenman六项,年份,全部国家,1995–2019,0.0019421670994716998,-0.00025647301163529614,0.0006083765570584526,0.6733666760020798,3.7862991647508233,3484,147,False
D_strict,Aizenman六项,区域×年份,发展中国家,1990–2023,0.005219063259393449,-0.000663556566379911,0.0006224074012148811,0.2864479915676985,3.932643819551429,3744,119,False
D_strict,Aizenman六项,区域×年份,发展中国家,1995–2019,0.002435402104246528,-0.0003033348187503594,0.0007288072228325033,0.6772937732471598,4.014379414601317,2799,118,False
D_strict,Aizenman六项,区域×年份,剔除中东欧入盟国,1990–2023,0.005597078811857913,-0.0006765305712945987,0.0006628295330607248,0.3074897714951679,4.136604500479134,3437,109,False
D_strict,Aizenman六项,区域×年份,剔除中东欧入盟国,1995–2019,0.002757416102165074,-0.00029033342015155356,0.0007964179038565289,0.7154815382672588,4.7487059890068934,2565,108,False
D_strict,Aizenman六项,区域×年份,全部国家,1990–2023,0.006355592101932771,-0.0006191931303031866,0.0005123710491526243,0.2269272847535544,5.1321565040787585,4669,148,False
D_strict,Aizenman六项,区域×年份,全部国家,1995–2019,-0.00022736946990308907,6.859895174759463e-05,0.0005880906569038987,0.9071472951880835,1.6572372034173364,3484,147,False
D_strict,+能力、hc,年份,发展中国家,1990–2023,0.010959331424685644,-0.0017257932480444548,0.0006582447218017905,0.008786492015398828,3.175157695484083,3465,117,True
D_strict,+能力、hc,年份,发展中国家,1995–2019,0.007023481301472439,-0.000998985448106766,0.0006798025318457048,0.1418160165685689,3.515307112222223,2665,115,False
D_strict,+能力、hc,年份,剔除中东欧入盟国,1990–2023,0.011145316166018453,-0.0016720186937856556,0.0007046954653418278,0.017721779419272554,3.33289221210323,3166,107,True
D_strict,+能力、hc,年份,剔除中东欧入盟国,1995–2019,0.0079473467314611,-0.0009822475241516447,0.0007431274708254319,0.1863748987343925,4.04549084423762,2431,105,False
D_strict,+能力、hc,年份,全部国家,1990–2023,0.010359349643083124,-0.0014956710309788328,0.0005766950584638494,0.009533379097483197,3.463111014560304,4319,145,True
D_strict,+能力、hc,年份,全部国家,1995–2019,0.005946738988881596,-0.0007445178477304117,0.0005877301319957407,0.20533231514855688,3.993684642355879,3311,143,False
D_strict,+能力、hc,区域×年份,发展中国家,1990–2023,0.005679804582426573,-0.0007162006524116738,0.0006112072533972559,0.2413741255321209,3.9652327621462486,3465,117,False
D_strict,+能力、hc,区域×年份,发展中国家,1995–2019,0.004181945519594645,-0.0005536359979044172,0.0006459669646279068,0.39149458052808317,3.776800583256726,2665,115,False
D_strict,+能力、hc,区域×年份,剔除中东欧入盟国,1990–2023,0.006502710052551048,-0.0008031592045969041,0.0006580304131210556,0.2223572450140423,4.0482073886052765,3166,107,False
D_strict,+能力、hc,区域×年份,剔除中东欧入盟国,1995–2019,0.005338720668536299,-0.0006559459428320297,0.0007001342060216482,0.34892159531133604,4.069482193522313,2431,105,False
D_strict,+能力、hc,区域×年份,全部国家,1990–2023,0.006454709766687941,-0.0006953771701134151,0.0005098085668098888,0.17264665625052422,4.641157377682666,4319,145,False
D_strict,+能力、hc,区域×年份,全部国家,1995–2019,0.0032733662379089016,-0.00040861057807058197,0.0005475542019560456,0.45557711898942044,4.005483966378707,3311,143,False
D_strict,+能力、hc、Geo,年份,发展中国家,1990–2023,0.010896440426623393,-0.0016898589453048028,0.0006863798283577372,0.013868575226690938,3.2240680374236748,3405,117,True
D_strict,+能力、hc、Geo,年份,发展中国家,1995–2019,0.006999685728714089,-0.0009971804533126759,0.0006808717606747585,0.14316699480142625,3.5097387365851564,2623,115,False
D_strict,+能力、hc、Geo,年份,剔除中东欧入盟国,1990–2023,0.011558739764833301,-0.0017103008497685924,0.0007428609383742994,0.02138639407960574,3.3791539559830146,3112,107,True
D_strict,+能力、hc、Geo,年份,剔除中东欧入盟国,1995–2019,0.007944719058078016,-0.0009833366723067047,0.0007466186219561072,0.1879549256235411,4.0396739396697905,2389,105,False
D_strict,+能力、hc、Geo,年份,全部国家,1990–2023,0.010896440426623393,-0.0016898589453048028,0.0006863798283577372,0.013868575226690938,3.2240680374236748,3405,117,True
D_strict,+能力、hc、Geo,年份,全部国家,1995–2019,0.006999685728714089,-0.0009971804533126759,0.0006808717606747585,0.14316699480142625,3.5097387365851564,2623,115,False
D_strict,+能力、hc、Geo,区域×年份,发展中国家,1990–2023,0.005306852118998556,-0.000670106302373814,0.0006469440600314759,0.3003756126524362,3.95970915375615,3405,117,False
D_strict,+能力、hc、Geo,区域×年份,发展中国家,1995–2019,0.003841875685688208,-0.000524832866657192,0.0006524928046464695,0.42127608685778695,3.660094412682454,2623,115,False
D_strict,+能力、hc、Geo,区域×年份,剔除中东欧入盟国,1990–2023,0.006269583718190621,-0.0007874853463285688,0.0007062886122433139,0.26496229780688574,3.980762148413815,3112,107,False
D_strict,+能力、hc、Geo,区域×年份,剔除中东欧入盟国,1995–2019,0.004981247673849044,-0.0006259305264259109,0.0007144317590815182,0.38106196055491326,3.9790739255777896,2389,105,False
D_strict,+能力、hc、Geo,区域×年份,全部国家,1990–2023,0.005306852118998556,-0.000670106302373814,0.0006469440600314759,0.3003756126524362,3.95970915375615,3405,117,False
D_strict,+能力、hc、Geo,区域×年份,全部国家,1995–2019,0.003841875685688208,-0.000524832866657192,0.0006524928046464695,0.42127608685778695,3.660094412682454,2623,115,False
D_loose,Aizenman六项,年份,发展中国家,1990–2023,0.013623960728057603,-0.0017441333668003576,0.0007551054782338144,0.020956469525073018,3.9056533712932144,3744,119,True
D_loose,Aizenman六项,年份,发展中国家,1995–2019,0.001559976915787073,-4.196582150017685e-05,0.0007472335925663377,0.9552173205355126,18.58627878618436,2799,118,False
D_loose,Aizenman六项,年份,剔除中东欧入盟国,1990–2023,0.013302650059958057,-0.001757109009589047,0.0008002031040274779,0.02817383965285658,3.785379844779603,3437,109,True
D_loose,Aizenman六项,年份,剔除中东欧入盟国,1995–2019,0.001969378261691175,-5.924491794540723e-05,0.0007929543870966427,0.9404483065893547,16.620651441410637,2565,108,False
D_loose,Aizenman六项,年份,全部国家,1990–2023,0.01131248804507532,-0.0013592206071422047,0.000639393361993104,0.03357469806717739,4.161387778272472,4669,148,True
D_loose,Aizenman六项,年份,全部国家,1995–2019,-0.00161069312175886,0.0003201212415365713,0.0006160056139948855,0.6033265861804491,2.5157548340553513,3484,147,False
D_loose,Aizenman六项,区域×年份,发展中国家,1990–2023,0.007173997753949975,-0.0008690275099449335,0.0007455962650640644,0.2438790603840384,4.127601066624784,3744,119,False
D_loose,Aizenman六项,区域×年份,发展中国家,1995–2019,0.00039814993454737816,3.4584487257885583e-06,0.0007349832736767363,0.9962459562706454,-57.56192531907442,2799,118,False
D_loose,Aizenman六项,区域×年份,剔除中东欧入盟国,1990–2023,0.006807314238214952,-0.0008230069745578275,0.0008063527186472554,0.3074976948701993,4.135635813944518,3437,109,False
D_loose,Aizenman六项,区域×年份,剔除中东欧入盟国,1995–2019,0.0009891921681142312,-2.7707163166063913e-05,0.0007884121819886191,0.971968769292892,17.850838106114853,2565,108,False
D_loose,Aizenman六项,区域×年份,全部国家,1990–2023,0.008157721164201137,-0.0007621067350267687,0.0005744528079666861,0.18469019485968263,5.35208573108503,4669,148,False
D_loose,Aizenman六项,区域×年份,全部国家,1995–2019,-0.0031084814091934553,0.00040646508479502095,0.0006019610561518773,0.4995760491308441,3.823798802744709,3484,147,False
D_loose,+能力、hc,年份,发展中国家,1990–2023,0.015361665056822961,-0.002000107583958255,0.0006751604807208824,0.0030740837235330165,3.8402096917261574,3465,117,True
D_loose,+能力、hc,年份,发展中国家,1995–2019,0.0075323612823321425,-0.0007738959419333231,0.0007136705831819051,0.27829662144942446,4.866520725974495,2665,115,False
D_loose,+能力、hc,年份,剔除中东欧入盟国,1990–2023,0.014895038558751203,-0.001972365500442,0.0007069323102933736,0.005303351159563041,3.775932644181131,3166,107,True
D_loose,+能力、hc,年份,剔除中东欧入盟国,1995–2019,0.008571357902158275,-0.0008516812485269231,0.0007685277405807906,0.267892397119706,5.032022201371339,2431,105,False
D_loose,+能力、hc,年份,全部国家,1990–2023,0.013730499079113393,-0.0017058789733971806,0.0005734387058981647,0.0029485377690814385,4.024464599551786,4319,145,True
D_loose,+能力、hc,年份,全部国家,1995–2019,0.006063187639182018,-0.0005531524484625037,0.0006254003380805409,0.3765064202442474,5.480575613499269,3311,143,False
D_loose,+能力、hc,区域×年份,发展中国家,1990–2023,0.00848253373415712,-0.0010570663264893119,0.0006434536600012615,0.10052420394134809,4.012299664453878,3465,117,False
D_loose,+能力、hc,区域×年份,发展中国家,1995–2019,0.005767535557776472,-0.0006850534481354461,0.0006603755211613065,0.29966856718004875,4.209551512713602,2665,115,False
D_loose,+能力、hc,区域×年份,剔除中东欧入盟国,1990–2023,0.008969685562466223,-0.0011036864766329046,0.0006650516470363328,0.09711495258281477,4.063511582487939,3166,107,False
D_loose,+能力、hc,区域×年份,剔除中东欧入盟国,1995–2019,0.006932639275987152,-0.0007583471946740184,0.0007180746684070188,0.2910475440724589,4.570887401361855,2431,105,False
D_loose,+能力、hc,区域×年份,全部国家,1990–2023,0.010001517338468989,-0.0010913032176856038,0.0005116170356231916,0.03298258546505917,4.5823732471346705,4319,145,True
D_loose,+能力、hc,区域×年份,全部国家,1995–2019,0.004692119215187943,-0.0005703674653154361,0.0005981689554040186,0.34040271210037165,4.113242339824741,3311,143,False
D_loose,+能力、hc、Geo,年份,发展中国家,1990–2023,0.014904582860373881,-0.0019474420528189532,0.0007332159469347507,0.00794540219844686,3.8267076647541995,3405,117,True
D_loose,+能力、hc、Geo,年份,发展中国家,1995–2019,0.007851988877752101,-0.0008157091655461354,0.000699564528391889,0.2437171491118053,4.81298311297938,2623,115,False
D_loose,+能力、hc、Geo,年份,剔除中东欧入盟国,1990–2023,0.01584501475664093,-0.0020803127407148093,0.0007677534244453948,0.006775031362225459,3.8083251730690453,3112,107,True
D_loose,+能力、hc、Geo,年份,剔除中东欧入盟国,1995–2019,0.008848661206681738,-0.0009009453790939594,0.0007600407233403607,0.2359882050361406,4.91076452136335,2389,105,False
D_loose,+能力、hc、Geo,年份,全部国家,1990–2023,0.014904582860373881,-0.0019474420528189532,0.0007332159469347507,0.00794540219844686,3.8267076647541995,3405,117,True
D_loose,+能力、hc、Geo,年份,全部国家,1995–2019,0.007851988877752101,-0.0008157091655461354,0.000699564528391889,0.2437171491118053,4.81298311297938,2623,115,False
D_loose,+能力、hc、Geo,区域×年份,发展中国家,1990–2023,0.008065734374744008,-0.001060084742312902,0.0006765706291638773,0.11725249942280436,3.804287550232125,3405,117,False
D_loose,+能力、hc、Geo,区域×年份,发展中国家,1995–2019,0.005372356920451903,-0.0006846394790197772,0.0006543619671323426,0.2955440019278681,3.9234933750414878,2623,115,False
D_loose,+能力、hc、Geo,区域×年份,剔除中东欧入盟国,1990–2023,0.009247129959423648,-0.001189812351073741,0.0007041406084779458,0.09118978642805242,3.8859614926163,3112,107,False
D_loose,+能力、hc、Geo,区域×年份,剔除中东欧入盟国,1995–2019,0.006495171642814233,-0.000756550732787714,0.0007136867471236969,0.2892379142082744,4.292621341387796,2389,105,False
D_loose,+能力、hc、Geo,区域×年份,全部国家,1990–2023,0.008065734374744008,-0.001060084742312902,0.0006765706291638773,0.11725249942280436,3.804287550232125,3405,117,False
D_loose,+能力、hc、Geo,区域×年份,全部国家,1995–2019,0.005372356920451903,-0.0006846394790197772,0.0006543619671323426,0.2955440019278681,3.9234933750414878,2623,115,False
D_wbonly,Aizenman六项,年份,发展中国家,1990–2023,0.010797236452505844,-0.0015481536309695924,0.0007455558362960999,0.03791797014081988,3.4871333944240557,3744,119,True
D_wbonly,Aizenman六项,年份,发展中国家,1995–2019,0.003427035291739451,-0.0005015499266935876,0.0007113295846539256,0.48081748777577626,3.4164448137115695,2799,118,False
D_wbonly,Aizenman六项,年份,剔除中东欧入盟国,1990–2023,0.01237943224464036,-0.0016260961023993534,0.0007707114397892877,0.03494548708748324,3.8064885053147033,3437,109,True
D_wbonly,Aizenman六项,年份,剔除中东欧入盟国,1995–2019,0.004993308269813138,-0.0005726046377087909,0.0007604669278694966,0.45154430599766426,4.36017099843381,2565,108,False
D_wbonly,Aizenman六项,年份,全部国家,1990–2023,0.010195885688419433,-0.001325655146353285,0.0006310963958806791,0.035735458397958775,3.8456025748729092,4669,148,True
D_wbonly,Aizenman六项,年份,全部国家,1995–2019,0.001843014448833063,-0.00019352204839192313,0.0005911475227057057,0.7434112385503813,4.761768656718041,3484,147,False
D_wbonly,Aizenman六项,区域×年份,发展中国家,1990–2023,0.004608748619321511,-0.0005041902903605213,0.0006330830362250339,0.4258522366609747,4.5704456307816095,3744,119,False
D_wbonly,Aizenman六项,区域×年份,发展中国家,1995–2019,0.0030867510997726667,-0.00039978656880464136,0.00068777817320104,0.5611086842388522,3.860498751874066,2799,118,False
D_wbonly,Aizenman六项,区域×年份,剔除中东欧入盟国,1990–2023,0.006071484947882462,-0.000615032810064112,0.0006733460145385363,0.3611039735729653,4.935903295345789,3437,109,False
D_wbonly,Aizenman六项,区域×年份,剔除中东欧入盟国,1995–2019,0.004502582114769523,-0.0005023023129542974,0.0007430007877323586,0.4990797499550954,4.481944437292682,2565,108,False
D_wbonly,Aizenman六项,区域×年份,全部国家,1990–2023,0.005808623751652758,-0.000497872719370298,0.000516397700773087,0.33503701737675784,5.833442490080013,4669,148,False
D_wbonly,Aizenman六项,区域×年份,全部国家,1995–2019,0.0013305031011444635,-9.995155588354599e-05,0.0005734208728864781,0.8616349928907119,6.655739820071629,3484,147,False
D_wbonly,+能力、hc,年份,发展中国家,1990–2023,0.01045038314518191,-0.001538137790949559,0.0007151187819327689,0.03155759770825162,3.3970893916891662,3465,117,True
D_wbonly,+能力、hc,年份,发展中国家,1995–2019,0.006325356582049401,-0.0008991172855712019,0.0007046188747010311,0.20206146159937988,3.517536968511818,2665,115,False
D_wbonly,+能力、hc,年份,剔除中东欧入盟国,1990–2023,0.011737911245721003,-0.001587072297283473,0.0007428628225992057,0.03272485490403598,3.697976225094568,3166,107,True
D_wbonly,+能力、hc,年份,剔除中东欧入盟国,1995–2019,0.00843884502629458,-0.0010323373836497174,0.0007695282441926978,0.17988464312031027,4.087251493528188,2431,105,False
D_wbonly,+能力、hc,年份,全部国家,1990–2023,0.01048962546565158,-0.0014236105813710666,0.0005984039116211485,0.01740423380261724,3.6841625100696835,4319,145,True
D_wbonly,+能力、hc,年份,全部国家,1995–2019,0.005699414166318069,-0.0006881578693827333,0.0005801730009922208,0.23566273848917696,4.141065894829012,3311,143,False
D_wbonly,+能力、hc,区域×年份,发展中国家,1990–2023,0.004750180966813203,-0.0005199596352263478,0.0006419003610286836,0.41798332420648254,4.567836275161401,3465,117,False
D_wbonly,+能力、hc,区域×年份,发展中国家,1995–2019,0.005927243553859519,-0.0007805273080841721,0.0006752959191001783,0.24786616504898396,3.796948224917407,2665,115,False
D_wbonly,+能力、hc,区域×年份,剔除中东欧入盟国,1990–2023,0.006193489483121694,-0.0006708959187712195,0.0006766344065739975,0.321516296923388,4.615834818659644,3166,107,False
D_wbonly,+能力、hc,区域×年份,剔除中东欧入盟国,1995–2019,0.007533494840545269,-0.0009252843549765131,0.0007245594325971675,0.2017283622882422,4.070907932262886,2431,105,False
D_wbonly,+能力、hc,区域×年份,全部国家,1990–2023,0.006139498770251724,-0.0006360627148694734,0.0005026992279404941,0.20584061007056897,4.826174075862639,4319,145,False
D_wbonly,+能力、hc,区域×年份,全部国家,1995–2019,0.005494393481129838,-0.0007003960778799238,0.0005539332400184412,0.20618337026883227,3.9223474078846854,3311,143,False
D_wbonly,+能力、hc、Geo,年份,发展中国家,1990–2023,0.009625447031826708,-0.0013996205719153246,0.0007149140070392532,0.05034534735985963,3.438591581522223,3405,117,False
D_wbonly,+能力、hc、Geo,年份,发展中国家,1995–2019,0.005238345453137422,-0.0007440817092685324,0.000675694935459083,0.27091268264104906,3.520006867449385,2623,115,False
D_wbonly,+能力、hc、Geo,年份,剔除中东欧入盟国,1990–2023,0.010818378663496778,-0.001450106507417464,0.000753613248295441,0.05442460663684345,3.7302014052621337,3112,107,False
D_wbonly,+能力、hc、Geo,年份,剔除中东欧入盟国,1995–2019,0.00732257475728457,-0.0008820317462217187,0.0007407744727694614,0.23390155425605896,4.150970069190613,2389,105,False
D_wbonly,+能力、hc、Geo,年份,全部国家,1990–2023,0.009625447031826708,-0.0013996205719153246,0.0007149140070392532,0.05034534735985963,3.438591581522223,3405,117,False
D_wbonly,+能力、hc、Geo,年份,全部国家,1995–2019,0.005238345453137422,-0.0007440817092685324,0.000675694935459083,0.27091268264104906,3.520006867449385,2623,115,False
D_wbonly,+能力、hc、Geo,区域×年份,发展中国家,1990–2023,0.003431469619266423,-0.0003429895279891298,0.0006743772244964269,0.6110677462588994,5.002295025425928,3405,117,False
D_wbonly,+能力、hc、Geo,区域×年份,发展中国家,1995–2019,0.004582061135873976,-0.0006026619995283106,0.0006562799132307954,0.35855606254905936,3.8015182137419052,2623,115,False
D_wbonly,+能力、hc、Geo,区域×年份,剔除中东欧入盟国,1990–2023,0.004378984850741939,-0.0004421521923032821,0.0007230860191465108,0.540931975861858,4.951897702837008,3112,107,False
D_wbonly,+能力、hc、Geo,区域×年份,剔除中东欧入盟国,1995–2019,0.005996331468421729,-0.0007356113714234869,0.0007049615479375924,0.29684609255549077,4.075746855855549,2389,105,False
D_wbonly,+能力、hc、Geo,区域×年份,全部国家,1990–2023,0.003431469619266423,-0.0003429895279891298,0.0006743772244964269,0.6110677462588994,5.002295025425928,3405,117,False
D_wbonly,+能力、hc、Geo,区域×年份,全部国家,1995–2019,0.004582061135873976,-0.0006026619995283106,0.0006562799132307954,0.35855606254905936,3.8015182137419052,2623,115,False
