ISO3,year
AFG,1972
AFG,1973
AFG,1974
AFG,1975
AFG,1976
AFG,1977
AFG,1978
AFG,1979
AFG,1980
AFG,1981
AFG,1982
AFG,1983
AFG,1984
AFG,1985
AFG,1986
AFG,1987
AFG,1988
AFG,1989
AFG,1990
AFG,1991
AFG,1992
AFG,1993
AFG,1994
AFG,1995
AFG,1996
AFG,1997
AFG,1998
AFG,1999
AFG,2000
AFG,2001
AFG,2002
AFG,2003
AFG,2004
AFG,2005
AFG,2006
AFG,2007
AFG,2008
AFG,2009
AFG,2010
AFG,2011
AFG,2012
AFG,2013
AFG,2014
AFG,2015
AFG,2016
AFG,2017
AFG,2018
AFG,2019
AFG,2020
AFG,2021
AFG,2022
AFG,2023
AFG,2024
AGO,1971
AGO,1972
AGO,1973
AGO,1974
AGO,1975
AGO,1976
AGO,1977
AGO,1978
AGO,1979
AGO,1980
AGO,1981
AGO,1982
AGO,1983
AGO,1984
AGO,1985
AGO,1986
AGO,1987
AGO,1988
AGO,1989
AGO,1990
AGO,1991
AGO,1992
AGO,1993
AGO,1994
AGO,1995
AGO,1996
AGO,1997
AGO,1998
AGO,1999
AGO,2000
AGO,2001
AGO,2002
AGO,2003
AGO,2004
AGO,2005
AGO,2006
AGO,2007
AGO,2008
AGO,2009
AGO,2010
AGO,2011
AGO,2012
AGO,2013
AGO,2014
AGO,2015
AGO,2016
AGO,2017
AGO,2018
AGO,2019
AGO,2020
AGO,2021
AGO,2022
AGO,2023
AGO,2024
ALB,1982
ALB,1983
ALB,1984
ALB,1985
ALB,1986
ALB,1987
ALB,1988
ALB,1989
ALB,1990
ALB,1991
ALB,1992
ALB,1993
ALB,1994
ALB,1995
ALB,1996
ALB,1997
ALB,1998
ALB,1999
ALB,2000
ALB,2001
ALB,2002
ALB,2003
ALB,2004
ALB,2005
ALB,2006
ALB,2007
ALB,2008
ALB,2009
ALB,2010
ALB,2011
ALB,2012
ALB,2013
ALB,2014
ALB,2015
ALB,2016
ALB,2017
ALB,2018
ALB,2019
ALB,2020
ALB,2021
ALB,2022
ALB,2023
ALB,2024
ARE,1991
ARE,1992
ARE,1993
ARE,1994
ARE,1995
ARE,1996
ARE,1997
ARE,1998
ARE,1999
ARE,2000
ARE,2001
ARE,2002
ARE,2003
ARE,2004
ARE,2005
ARE,2006
ARE,2007
ARE,2008
ARE,2009
ARE,2010
ARE,2011
ARE,2012
ARE,2013
ARE,2014
ARE,2015
ARE,2016
ARE,2017
ARE,2018
ARE,2019
ARE,2020
ARE,2021
ARE,2022
ARE,2023
ARE,2024
ARG,1960
ARG,1961
ARG,1962
ARG,1963
ARG,1964
ARG,1965
ARG,1966
ARG,1967
ARG,1968
ARG,1969
ARG,1970
ARG,1971
ARG,1972
ARG,1973
ARG,1974
ARG,1975
ARG,1976
ARG,1977
ARG,1978
ARG,1979
ARG,1980
ARG,1981
ARG,1982
ARG,1983
ARG,1984
ARG,1985
ARG,1986
ARG,1987
ARG,1988
ARG,1989
ARG,1990
ARG,1991
ARG,1992
ARG,1993
ARG,1994
ARG,1995
ARG,1996
ARG,1997
ARG,1998
ARG,1999
ARG,2000
ARG,2001
ARG,2002
ARG,2003
ARG,2004
ARG,2005
ARG,2006
ARG,2007
ARG,2008
ARG,2009
ARG,2010
ARG,2011
ARG,2012
ARG,2013
ARG,2014
ARG,2015
ARG,2016
ARG,2017
ARG,2018
ARG,2019
ARG,2020
ARG,2021
ARG,2022
ARG,2023
ARG,2024
ARM,1994
ARM,1995
ARM,1996
ARM,1997
ARM,1998
ARM,1999
ARM,2000
ARM,2001
ARM,2002
ARM,2003
ARM,2004
ARM,2005
ARM,2006
ARM,2007
ARM,2008
ARM,2009
ARM,2010
ARM,2011
ARM,2012
ARM,2013
ARM,2014
ARM,2015
ARM,2016
ARM,2017
ARM,2018
ARM,2019
ARM,2020
ARM,2021
ARM,2022
ARM,2023
ARM,2024
AUS,1960
AUS,1961
AUS,1962
AUS,1963
AUS,1964
AUS,1965
AUS,1966
AUS,1967
AUS,1968
AUS,1969
AUS,1970
AUS,1971
AUS,1972
AUS,1973
AUS,1974
AUS,1975
AUS,1976
AUS,1977
AUS,1978
AUS,1979
AUS,1980
AUS,1981
AUS,1982
AUS,1983
AUS,1984
AUS,1985
AUS,1986
AUS,1987
AUS,1988
AUS,1989
AUS,1990
AUS,1991
AUS,1992
AUS,1993
AUS,1994
AUS,1995
AUS,1996
AUS,1997
AUS,1998
AUS,1999
AUS,2000
AUS,2001
AUS,2002
AUS,2003
AUS,2004
AUS,2005
AUS,2006
AUS,2007
AUS,2008
AUS,2009
AUS,2010
AUS,2011
AUS,2012
AUS,2013
AUS,2014
AUS,2015
AUS,2016
AUS,2017
AUS,2018
AUS,2019
AUS,2020
AUS,2021
AUS,2022
AUS,2023
AUS,2024
AUT,1960
AUT,1961
AUT,1962
AUT,1963
AUT,1964
AUT,1965
AUT,1966
AUT,1967
AUT,1968
AUT,1969
AUT,1970
AUT,1971
AUT,1972
AUT,1973
AUT,1974
AUT,1975
AUT,1976
AUT,1977
AUT,1978
AUT,1979
AUT,1980
AUT,1981
AUT,1982
AUT,1983
AUT,1984
AUT,1985
AUT,1986
AUT,1987
AUT,1988
AUT,1989
AUT,1990
AUT,1991
AUT,1992
AUT,1993
AUT,1994
AUT,1995
AUT,1996
AUT,1997
AUT,1998
AUT,1999
AUT,2000
AUT,2001
AUT,2002
AUT,2003
AUT,2004
AUT,2005
AUT,2006
AUT,2007
AUT,2008
AUT,2009
AUT,2010
AUT,2011
AUT,2012
AUT,2013
AUT,2014
AUT,2015
AUT,2016
AUT,2017
AUT,2018
AUT,2019
AUT,2020
AUT,2021
AUT,2022
AUT,2023
AUT,2024
AZE,1992
AZE,1993
AZE,1994
AZE,1995
AZE,1996
AZE,1997
AZE,1998
AZE,1999
AZE,2000
AZE,2001
AZE,2002
AZE,2003
AZE,2004
AZE,2005
AZE,2006
AZE,2007
AZE,2008
AZE,2009
AZE,2010
AZE,2011
AZE,2012
AZE,2013
AZE,2014
AZE,2015
AZE,2016
AZE,2017
AZE,2018
AZE,2019
AZE,2020
AZE,2021
AZE,2022
AZE,2023
AZE,2024
BDI,1967
BDI,1968
BDI,1969
BDI,1970
BDI,1971
BDI,1972
BDI,1973
BDI,1974
BDI,1975
BDI,1976
BDI,1977
BDI,1978
BDI,1979
BDI,1980
BDI,1981
BDI,1982
BDI,1983
BDI,1984
BDI,1985
BDI,1986
BDI,1987
BDI,1988
BDI,1989
BDI,1990
BDI,1991
BDI,1992
BDI,1993
BDI,1994
BDI,1995
BDI,1996
BDI,1997
BDI,1998
BDI,1999
BDI,2000
BDI,2001
BDI,2002
BDI,2003
BDI,2004
BDI,2005
BDI,2006
BDI,2007
BDI,2008
BDI,2009
BDI,2010
BDI,2011
BDI,2012
BDI,2013
BDI,2014
BDI,2015
BDI,2016
BDI,2017
BDI,2018
BDI,2019
BDI,2020
BDI,2021
BDI,2022
BDI,2023
BDI,2024
BEL,1960
BEL,1961
BEL,1962
BEL,1963
BEL,1964
BEL,1965
BEL,1966
BEL,1967
BEL,1968
BEL,1969
BEL,1970
BEL,1971
BEL,1972
BEL,1973
BEL,1974
BEL,1975
BEL,1976
BEL,1977
BEL,1978
BEL,1979
BEL,1980
BEL,1981
BEL,1982
BEL,1983
BEL,1984
BEL,1985
BEL,1986
BEL,1987
BEL,1988
BEL,1989
BEL,1990
BEL,1991
BEL,1992
BEL,1993
BEL,1994
BEL,1995
BEL,1996
BEL,1997
BEL,1998
BEL,1999
BEL,2000
BEL,2001
BEL,2002
BEL,2003
BEL,2004
BEL,2005
BEL,2006
BEL,2007
BEL,2008
BEL,2009
BEL,2010
BEL,2011
BEL,2012
BEL,2013
BEL,2014
BEL,2015
BEL,2016
BEL,2017
BEL,2018
BEL,2019
BEL,2020
BEL,2021
BEL,2022
BEL,2023
BEL,2024
BEN,1972
BEN,1973
BEN,1974
BEN,1975
BEN,1976
BEN,1977
BEN,1978
BEN,1979
BEN,1980
BEN,1981
BEN,1982
BEN,1983
BEN,1984
BEN,1985
BEN,1986
BEN,1987
BEN,1988
BEN,1989
BEN,1990
BEN,1991
BEN,1992
BEN,1993
BEN,1994
BEN,1995
BEN,1996
BEN,1997
BEN,1998
BEN,1999
BEN,2000
BEN,2001
BEN,2002
BEN,2003
BEN,2004
BEN,2005
BEN,2006
BEN,2007
BEN,2008
BEN,2009
BEN,2010
BEN,2011
BEN,2012
BEN,2013
BEN,2014
BEN,2015
BEN,2016
BEN,2017
BEN,2018
BEN,2019
BEN,2020
BEN,2021
BEN,2022
BEN,2023
BEN,2024
BFA,1960
BFA,1961
BFA,1962
BFA,1963
BFA,1964
BFA,1965
BFA,1966
BFA,1967
BFA,1968
BFA,1969
BFA,1970
BFA,1971
BFA,1972
BFA,1973
BFA,1974
BFA,1975
BFA,1976
BFA,1977
BFA,1978
BFA,1979
BFA,1980
BFA,1981
BFA,1982
BFA,1983
BFA,1984
BFA,1985
BFA,1986
BFA,1987
BFA,1988
BFA,1989
BFA,1990
BFA,1991
BFA,1992
BFA,1993
BFA,1994
BFA,1995
BFA,1996
BFA,1997
BFA,1998
BFA,1999
BFA,2000
BFA,2001
BFA,2002
BFA,2003
BFA,2004
BFA,2005
BFA,2006
BFA,2007
BFA,2008
BFA,2009
BFA,2010
BFA,2011
BFA,2012
BFA,2013
BFA,2014
BFA,2015
BFA,2016
BFA,2017
BFA,2018
BFA,2019
BFA,2020
BFA,2021
BFA,2022
BFA,2023
BFA,2024
BGD,1961
BGD,1962
BGD,1963
BGD,1964
BGD,1965
BGD,1966
BGD,1967
BGD,1968
BGD,1969
BGD,1970
BGD,1971
BGD,1972
BGD,1973
BGD,1974
BGD,1975
BGD,1976
BGD,1977
BGD,1978
BGD,1979
BGD,1980
BGD,1981
BGD,1982
BGD,1983
BGD,1984
BGD,1985
BGD,1986
BGD,1987
BGD,1988
BGD,1989
BGD,1990
BGD,1991
BGD,1992
BGD,1993
BGD,1994
BGD,1995
BGD,1996
BGD,1997
BGD,1998
BGD,1999
BGD,2000
BGD,2001
BGD,2002
BGD,2003
BGD,2004
BGD,2005
BGD,2006
BGD,2007
BGD,2008
BGD,2009
BGD,2010
BGD,2011
BGD,2012
BGD,2013
BGD,2014
BGD,2015
BGD,2016
BGD,2017
BGD,2018
BGD,2019
BGD,2020
BGD,2021
BGD,2022
BGD,2023
BGD,2024
BGR,1972
BGR,1973
BGR,1974
BGR,1975
BGR,1976
BGR,1977
BGR,1978
BGR,1979
BGR,1980
BGR,1981
BGR,1982
BGR,1983
BGR,1984
BGR,1985
BGR,1986
BGR,1987
BGR,1988
BGR,1989
BGR,1990
BGR,1991
BGR,1992
BGR,1993
BGR,1994
BGR,1995
BGR,1996
BGR,1997
BGR,1998
BGR,1999
BGR,2000
BGR,2001
BGR,2002
BGR,2003
BGR,2004
BGR,2005
BGR,2006
BGR,2007
BGR,2008
BGR,2009
BGR,2010
BGR,2011
BGR,2012
BGR,2013
BGR,2014
BGR,2015
BGR,2016
BGR,2017
BGR,2018
BGR,2019
BGR,2020
BGR,2021
BGR,2022
BGR,2023
BGR,2024
BIH,1996
BIH,1997
BIH,1998
BIH,1999
BIH,2000
BIH,2001
BIH,2002
BIH,2003
BIH,2004
BIH,2005
BIH,2006
BIH,2007
BIH,2008
BIH,2009
BIH,2010
BIH,2011
BIH,2012
BIH,2013
BIH,2014
BIH,2015
BIH,2016
BIH,2017
BIH,2018
BIH,2019
BIH,2020
BIH,2021
BIH,2022
BIH,2023
BIH,2024
BLR,1992
BLR,1993
BLR,1994
BLR,1995
BLR,1996
BLR,1997
BLR,1998
BLR,1999
BLR,2000
BLR,2001
BLR,2002
BLR,2003
BLR,2004
BLR,2005
BLR,2006
BLR,2007
BLR,2008
BLR,2009
BLR,2010
BLR,2011
BLR,2012
BLR,2013
BLR,2014
BLR,2015
BLR,2016
BLR,2017
BLR,2018
BLR,2019
BLR,2020
BLR,2021
BLR,2022
BLR,2023
BLR,2024
BOL,1960
BOL,1961
BOL,1962
BOL,1963
BOL,1964
BOL,1965
BOL,1966
BOL,1967
BOL,1968
BOL,1969
BOL,1970
BOL,1971
BOL,1972
BOL,1973
BOL,1974
BOL,1975
BOL,1976
BOL,1977
BOL,1978
BOL,1979
BOL,1980
BOL,1981
BOL,1982
BOL,1983
BOL,1984
BOL,1985
BOL,1986
BOL,1987
BOL,1988
BOL,1989
BOL,1990
BOL,1991
BOL,1992
BOL,1993
BOL,1994
BOL,1995
BOL,1996
BOL,1997
BOL,1998
BOL,1999
BOL,2000
BOL,2001
BOL,2002
BOL,2003
BOL,2004
BOL,2005
BOL,2006
BOL,2007
BOL,2008
BOL,2009
BOL,2010
BOL,2011
BOL,2012
BOL,2013
BOL,2014
BOL,2015
BOL,2016
BOL,2017
BOL,2018
BOL,2019
BOL,2020
BOL,2021
BOL,2022
BOL,2023
BOL,2024
BRA,1960
BRA,1961
BRA,1962
BRA,1963
BRA,1964
BRA,1965
BRA,1966
BRA,1967
BRA,1968
BRA,1969
BRA,1970
BRA,1971
BRA,1972
BRA,1973
BRA,1974
BRA,1975
BRA,1976
BRA,1977
BRA,1978
BRA,1979
BRA,1980
BRA,1981
BRA,1982
BRA,1983
BRA,1984
BRA,1985
BRA,1986
BRA,1987
BRA,1988
BRA,1989
BRA,1990
BRA,1991
BRA,1992
BRA,1993
BRA,1994
BRA,1995
BRA,1996
BRA,1997
BRA,1998
BRA,1999
BRA,2000
BRA,2001
BRA,2002
BRA,2003
BRA,2004
BRA,2005
BRA,2006
BRA,2007
BRA,2008
BRA,2009
BRA,2010
BRA,2011
BRA,2012
BRA,2013
BRA,2014
BRA,2015
BRA,2016
BRA,2017
BRA,2018
BRA,2019
BRA,2020
BRA,2021
BRA,2022
BRA,2023
BRA,2024
BWA,2010
BWA,2011
BWA,2012
BWA,2013
BWA,2014
BWA,2015
BWA,2016
BWA,2017
BWA,2018
BWA,2019
BWA,2020
BWA,2021
BWA,2022
BWA,2023
BWA,2024
CAF,1968
CAF,1969
CAF,1970
CAF,1971
CAF,1972
CAF,1973
CAF,1974
CAF,1975
CAF,1976
CAF,1977
CAF,1978
CAF,1979
CAF,1980
CAF,1981
CAF,1982
CAF,1983
CAF,1984
CAF,1985
CAF,1986
CAF,1987
CAF,1988
CAF,1989
CAF,1990
CAF,1991
CAF,1992
CAF,1993
CAF,1994
CAF,1995
CAF,1996
CAF,1997
CAF,1998
CAF,1999
CAF,2000
CAF,2001
CAF,2002
CAF,2003
CAF,2004
CAF,2005
CAF,2006
CAF,2007
CAF,2008
CAF,2009
CAF,2010
CAF,2011
CAF,2012
CAF,2013
CAF,2014
CAF,2015
CAF,2016
CAF,2017
CAF,2018
CAF,2019
CAF,2020
CAF,2021
CAF,2022
CAF,2023
CAF,2024
CAN,1960
CAN,1961
CAN,1962
CAN,1963
CAN,1964
CAN,1965
CAN,1966
CAN,1967
CAN,1968
CAN,1969
CAN,1970
CAN,1971
CAN,1972
CAN,1973
CAN,1974
CAN,1975
CAN,1976
CAN,1977
CAN,1978
CAN,1979
CAN,1980
CAN,1981
CAN,1982
CAN,1983
CAN,1984
CAN,1985
CAN,1986
CAN,1987
CAN,1988
CAN,1989
CAN,1990
CAN,1991
CAN,1992
CAN,1993
CAN,1994
CAN,1995
CAN,1996
CAN,1997
CAN,1998
CAN,1999
CAN,2000
CAN,2001
CAN,2002
CAN,2003
CAN,2004
CAN,2005
CAN,2006
CAN,2007
CAN,2008
CAN,2009
CAN,2010
CAN,2011
CAN,2012
CAN,2013
CAN,2014
CAN,2015
CAN,2016
CAN,2017
CAN,2018
CAN,2019
CAN,2020
CAN,2021
CAN,2022
CAN,2023
CAN,2024
CHE,1960
CHE,1961
CHE,1962
CHE,1963
CHE,1964
CHE,1965
CHE,1966
CHE,1967
CHE,1968
CHE,1969
CHE,1970
CHE,1971
CHE,1972
CHE,1973
CHE,1974
CHE,1975
CHE,1976
CHE,1977
CHE,1978
CHE,1979
CHE,1980
CHE,1981
CHE,1982
CHE,1983
CHE,1984
CHE,1985
CHE,1986
CHE,1987
CHE,1988
CHE,1989
CHE,1990
CHE,1991
CHE,1992
CHE,1993
CHE,1994
CHE,1995
CHE,1996
CHE,1997
CHE,1998
CHE,1999
CHE,2000
CHE,2001
CHE,2002
CHE,2003
CHE,2004
CHE,2005
CHE,2006
CHE,2007
CHE,2008
CHE,2009
CHE,2010
CHE,2011
CHE,2012
CHE,2013
CHE,2014
CHE,2015
CHE,2016
CHE,2017
CHE,2018
CHE,2019
CHE,2020
CHE,2021
CHE,2022
CHE,2023
CHE,2024
CHL,1960
CHL,1961
CHL,1962
CHL,1963
CHL,1964
CHL,1965
CHL,1966
CHL,1967
CHL,1968
CHL,1969
CHL,1970
CHL,1971
CHL,1972
CHL,1973
CHL,1974
CHL,1975
CHL,1976
CHL,1977
CHL,1978
CHL,1979
CHL,1980
CHL,1981
CHL,1982
CHL,1983
CHL,1984
CHL,1985
CHL,1986
CHL,1987
CHL,1988
CHL,1989
CHL,1990
CHL,1991
CHL,1992
CHL,1993
CHL,1994
CHL,1995
CHL,1996
CHL,1997
CHL,1998
CHL,1999
CHL,2000
CHL,2001
CHL,2002
CHL,2003
CHL,2004
CHL,2005
CHL,2006
CHL,2007
CHL,2008
CHL,2009
CHL,2010
CHL,2011
CHL,2012
CHL,2013
CHL,2014
CHL,2015
CHL,2016
CHL,2017
CHL,2018
CHL,2019
CHL,2020
CHL,2021
CHL,2022
CHL,2023
CHL,2024
CHN,1972
CHN,1973
CHN,1974
CHN,1975
CHN,1976
CHN,1977
CHN,1978
CHN,1979
CHN,1980
CHN,1981
CHN,1982
CHN,1983
CHN,1984
CHN,1985
CHN,1986
CHN,1987
CHN,1988
CHN,1989
CHN,1990
CHN,1991
CHN,1992
CHN,1993
CHN,1994
CHN,1995
CHN,1996
CHN,1997
CHN,1998
CHN,1999
CHN,2000
CHN,2001
CHN,2002
CHN,2003
CHN,2004
CHN,2005
CHN,2006
CHN,2007
CHN,2008
CHN,2009
CHN,2010
CHN,2011
CHN,2012
CHN,2013
CHN,2014
CHN,2015
CHN,2016
CHN,2017
CHN,2018
CHN,2019
CHN,2020
CHN,2021
CHN,2022
CHN,2023
CHN,2024
CIV,1961
CIV,1962
CIV,1963
CIV,1964
CIV,1965
CIV,1966
CIV,1967
CIV,1968
CIV,1969
CIV,1970
CIV,1971
CIV,1972
CIV,1973
CIV,1974
CIV,1975
CIV,1976
CIV,1977
CIV,1978
CIV,1979
CIV,1980
CIV,1981
CIV,1982
CIV,1983
CIV,1984
CIV,1985
CIV,1986
CIV,1987
CIV,1988
CIV,1989
CIV,1990
CIV,1991
CIV,1992
CIV,1993
CIV,1994
CIV,1995
CIV,1996
CIV,1997
CIV,1998
CIV,1999
CIV,2000
CIV,2001
CIV,2002
CIV,2003
CIV,2004
CIV,2005
CIV,2006
CIV,2007
CIV,2008
CIV,2009
CIV,2010
CIV,2011
CIV,2012
CIV,2013
CIV,2014
CIV,2015
CIV,2016
CIV,2017
CIV,2018
CIV,2019
CIV,2020
CIV,2021
CIV,2022
CIV,2023
CIV,2024
CMR,1961
CMR,1962
CMR,1963
CMR,1964
CMR,1965
CMR,1966
CMR,1967
CMR,1968
CMR,1969
CMR,1970
CMR,1971
CMR,1972
CMR,1973
CMR,1974
CMR,1975
CMR,1976
CMR,1977
CMR,1978
CMR,1979
CMR,1980
CMR,1981
CMR,1982
CMR,1983
CMR,1984
CMR,1985
CMR,1986
CMR,1987
CMR,1988
CMR,1989
CMR,1990
CMR,1991
CMR,1992
CMR,1993
CMR,1994
CMR,1995
CMR,1996
CMR,1997
CMR,1998
CMR,1999
CMR,2000
CMR,2001
CMR,2002
CMR,2003
CMR,2004
CMR,2005
CMR,2006
CMR,2007
CMR,2008
CMR,2009
CMR,2010
CMR,2011
CMR,2012
CMR,2013
CMR,2014
CMR,2015
CMR,2016
CMR,2017
CMR,2018
CMR,2019
CMR,2020
CMR,2021
CMR,2022
CMR,2023
CMR,2024
COD,1960
COD,1963
COD,1964
COD,1965
COD,1966
COD,1967
COD,1968
COD,1969
COD,1970
COD,1971
COD,1972
COD,1973
COD,1974
COD,1975
COD,1976
COD,1977
COD,1978
COD,1979
COD,1980
COD,1981
COD,1982
COD,1983
COD,1984
COD,1985
COD,1986
COD,1987
COD,1988
COD,1989
COD,1990
COD,1991
COD,1992
COD,1993
COD,1994
COD,1995
COD,1996
COD,1997
COD,1998
COD,1999
COD,2000
COD,2001
COD,2002
COD,2003
COD,2004
COD,2005
COD,2006
COD,2007
COD,2008
COD,2009
COD,2010
COD,2011
COD,2012
COD,2013
COD,2014
COD,2015
COD,2016
COD,2017
COD,2018
COD,2019
COD,2020
COD,2021
COD,2022
COD,2023
COD,2024
COG,1985
COG,1986
COG,1987
COG,1988
COG,1989
COG,1990
COG,1991
COG,1992
COG,1993
COG,1994
COG,1995
COG,1996
COG,1997
COG,1998
COG,1999
COG,2000
COG,2001
COG,2002
COG,2003
COG,2004
COG,2005
COG,2006
COG,2007
COG,2008
COG,2009
COG,2010
COG,2011
COG,2012
COG,2013
COG,2014
COG,2015
COG,2016
COG,2017
COG,2018
COG,2019
COG,2020
COG,2021
COG,2022
COG,2023
COG,2024
COL,1960
COL,1961
COL,1962
COL,1963
COL,1964
COL,1965
COL,1966
COL,1967
COL,1968
COL,1969
COL,1970
COL,1971
COL,1972
COL,1973
COL,1974
COL,1975
COL,1976
COL,1977
COL,1978
COL,1979
COL,1980
COL,1981
COL,1982
COL,1983
COL,1984
COL,1985
COL,1986
COL,1987
COL,1988
COL,1989
COL,1990
COL,1991
COL,1992
COL,1993
COL,1994
COL,1995
COL,1996
COL,1997
COL,1998
COL,1999
COL,2000
COL,2001
COL,2002
COL,2003
COL,2004
COL,2005
COL,2006
COL,2007
COL,2008
COL,2009
COL,2010
COL,2011
COL,2012
COL,2013
COL,2014
COL,2015
COL,2016
COL,2017
COL,2018
COL,2019
COL,2020
COL,2021
COL,2022
COL,2023
COL,2024
CRI,1974
CRI,1975
CRI,1976
CRI,1977
CRI,1978
CRI,1979
CRI,1980
CRI,1981
CRI,1982
CRI,1983
CRI,1984
CRI,1985
CRI,1986
CRI,1987
CRI,1988
CRI,1989
CRI,1990
CRI,1991
CRI,1992
CRI,1993
CRI,1994
CRI,1995
CRI,1996
CRI,1997
CRI,1998
CRI,1999
CRI,2000
CRI,2001
CRI,2002
CRI,2003
CRI,2004
CRI,2005
CRI,2006
CRI,2007
CRI,2008
CRI,2009
CRI,2010
CRI,2011
CRI,2012
CRI,2013
CRI,2014
CRI,2015
CRI,2016
CRI,2017
CRI,2018
CRI,2019
CRI,2020
CRI,2021
CRI,2022
CRI,2023
CRI,2024
CZE,1992
CZE,1993
CZE,1994
CZE,1995
CZE,1996
CZE,1997
CZE,1998
CZE,1999
CZE,2000
CZE,2001
CZE,2002
CZE,2003
CZE,2004
CZE,2005
CZE,2006
CZE,2007
CZE,2008
CZE,2009
CZE,2010
CZE,2011
CZE,2012
CZE,2013
CZE,2014
CZE,2015
CZE,2016
CZE,2017
CZE,2018
CZE,2019
CZE,2020
CZE,2021
CZE,2022
CZE,2023
CZE,2024
DEU,1960
DEU,1961
DEU,1962
DEU,1963
DEU,1964
DEU,1965
DEU,1966
DEU,1967
DEU,1968
DEU,1969
DEU,1970
DEU,1971
DEU,1972
DEU,1973
DEU,1974
DEU,1975
DEU,1976
DEU,1977
DEU,1978
DEU,1979
DEU,1980
DEU,1981
DEU,1982
DEU,1983
DEU,1984
DEU,1985
DEU,1986
DEU,1987
DEU,1988
DEU,1989
DEU,1990
DEU,1991
DEU,1992
DEU,1993
DEU,1994
DEU,1995
DEU,1996
DEU,1997
DEU,1998
DEU,1999
DEU,2000
DEU,2001
DEU,2002
DEU,2003
DEU,2004
DEU,2005
DEU,2006
DEU,2007
DEU,2008
DEU,2009
DEU,2010
DEU,2011
DEU,2012
DEU,2013
DEU,2014
DEU,2015
DEU,2016
DEU,2017
DEU,2018
DEU,2019
DEU,2020
DEU,2021
DEU,2022
DEU,2023
DEU,2024
DNK,1960
DNK,1961
DNK,1962
DNK,1963
DNK,1964
DNK,1965
DNK,1966
DNK,1967
DNK,1968
DNK,1969
DNK,1970
DNK,1971
DNK,1972
DNK,1973
DNK,1974
DNK,1975
DNK,1976
DNK,1977
DNK,1978
DNK,1979
DNK,1980
DNK,1981
DNK,1982
DNK,1983
DNK,1984
DNK,1985
DNK,1986
DNK,1987
DNK,1988
DNK,1989
DNK,1990
DNK,1991
DNK,1992
DNK,1993
DNK,1994
DNK,1995
DNK,1996
DNK,1997
DNK,1998
DNK,1999
DNK,2000
DNK,2001
DNK,2002
DNK,2003
DNK,2004
DNK,2005
DNK,2006
DNK,2007
DNK,2008
DNK,2009
DNK,2010
DNK,2011
DNK,2012
DNK,2013
DNK,2014
DNK,2015
DNK,2016
DNK,2017
DNK,2018
DNK,2019
DNK,2020
DNK,2021
DNK,2022
DNK,2023
DNK,2024
DOM,1960
DOM,1961
DOM,1962
DOM,1963
DOM,1964
DOM,1965
DOM,1966
DOM,1967
DOM,1968
DOM,1969
DOM,1970
DOM,1971
DOM,1972
DOM,1973
DOM,1974
DOM,1975
DOM,1976
DOM,1977
DOM,1978
DOM,1979
DOM,1980
DOM,1981
DOM,1982
DOM,1983
DOM,1984
DOM,1985
DOM,1986
DOM,1987
DOM,1988
DOM,1989
DOM,1990
DOM,1991
DOM,1992
DOM,1993
DOM,1994
DOM,1995
DOM,1996
DOM,1997
DOM,1998
DOM,1999
DOM,2000
DOM,2001
DOM,2002
DOM,2003
DOM,2004
DOM,2005
DOM,2006
DOM,2007
DOM,2008
DOM,2009
DOM,2010
DOM,2011
DOM,2012
DOM,2013
DOM,2014
DOM,2015
DOM,2016
DOM,2017
DOM,2018
DOM,2019
DOM,2020
DOM,2021
DOM,2022
DOM,2023
DOM,2024
DZA,1961
DZA,1962
DZA,1963
DZA,1964
DZA,1965
DZA,1966
DZA,1967
DZA,1968
DZA,1969
DZA,1970
DZA,1971
DZA,1972
DZA,1973
DZA,1974
DZA,1975
DZA,1976
DZA,1977
DZA,1978
DZA,1979
DZA,1980
DZA,1981
DZA,1982
DZA,1983
DZA,1984
DZA,1985
DZA,1986
DZA,1987
DZA,1988
DZA,1989
DZA,1990
DZA,1991
DZA,1992
DZA,1993
DZA,1994
DZA,1995
DZA,1996
DZA,1997
DZA,1998
DZA,1999
DZA,2000
DZA,2001
DZA,2002
DZA,2003
DZA,2004
DZA,2005
DZA,2006
DZA,2007
DZA,2008
DZA,2009
DZA,2010
DZA,2011
DZA,2012
DZA,2013
DZA,2014
DZA,2015
DZA,2016
DZA,2017
DZA,2018
DZA,2019
DZA,2020
DZA,2021
DZA,2022
DZA,2023
DZA,2024
ECU,1960
ECU,1961
ECU,1962
ECU,1963
ECU,1964
ECU,1965
ECU,1966
ECU,1967
ECU,1968
ECU,1969
ECU,1970
ECU,1971
ECU,1972
ECU,1973
ECU,1974
ECU,1975
ECU,1976
ECU,1977
ECU,1978
ECU,1979
ECU,1980
ECU,1981
ECU,1982
ECU,1983
ECU,1984
ECU,1985
ECU,1986
ECU,1987
ECU,1988
ECU,1989
ECU,1990
ECU,1991
ECU,1992
ECU,1993
ECU,1994
ECU,1995
ECU,1996
ECU,1997
ECU,1998
ECU,1999
ECU,2000
ECU,2001
ECU,2002
ECU,2003
ECU,2004
ECU,2005
ECU,2006
ECU,2007
ECU,2008
ECU,2009
ECU,2010
ECU,2011
ECU,2012
ECU,2013
ECU,2014
ECU,2015
ECU,2016
ECU,2017
ECU,2018
ECU,2019
ECU,2020
ECU,2021
ECU,2022
ECU,2023
ECU,2024
EGY,1960
EGY,1961
EGY,1962
EGY,1963
EGY,1964
EGY,1965
EGY,1966
EGY,1967
EGY,1968
EGY,1969
EGY,1970
EGY,1971
EGY,1972
EGY,1973
EGY,1974
EGY,1975
EGY,1976
EGY,1977
EGY,1978
EGY,1979
EGY,1980
EGY,1981
EGY,1982
EGY,1983
EGY,1984
EGY,1985
EGY,1986
EGY,1987
EGY,1988
EGY,1989
EGY,1990
EGY,1991
EGY,1992
EGY,1993
EGY,1994
EGY,1995
EGY,1996
EGY,1997
EGY,1998
EGY,1999
EGY,2000
EGY,2001
EGY,2002
EGY,2003
EGY,2004
EGY,2005
EGY,2006
EGY,2007
EGY,2008
EGY,2009
EGY,2010
EGY,2011
EGY,2012
EGY,2013
EGY,2014
EGY,2015
EGY,2016
EGY,2017
EGY,2018
EGY,2019
EGY,2020
EGY,2021
EGY,2022
EGY,2023
EGY,2024
ERI,1995
ERI,1996
ERI,1997
ERI,1998
ERI,1999
ERI,2000
ERI,2001
ERI,2002
ERI,2003
ERI,2004
ERI,2005
ERI,2006
ERI,2007
ERI,2008
ERI,2009
ERI,2010
ERI,2011
ERI,2012
ERI,2013
ERI,2014
ERI,2015
ERI,2016
ERI,2017
ERI,2018
ERI,2019
ERI,2020
ERI,2021
ERI,2022
ERI,2023
ERI,2024
ESP,1960
ESP,1961
ESP,1962
ESP,1963
ESP,1964
ESP,1965
ESP,1966
ESP,1967
ESP,1968
ESP,1969
ESP,1970
ESP,1971
ESP,1972
ESP,1973
ESP,1974
ESP,1975
ESP,1976
ESP,1977
ESP,1978
ESP,1979
ESP,1980
ESP,1981
ESP,1982
ESP,1983
ESP,1984
ESP,1985
ESP,1986
ESP,1987
ESP,1988
ESP,1989
ESP,1990
ESP,1991
ESP,1992
ESP,1993
ESP,1994
ESP,1995
ESP,1996
ESP,1997
ESP,1998
ESP,1999
ESP,2000
ESP,2001
ESP,2002
ESP,2003
ESP,2004
ESP,2005
ESP,2006
ESP,2007
ESP,2008
ESP,2009
ESP,2010
ESP,2011
ESP,2012
ESP,2013
ESP,2014
ESP,2015
ESP,2016
ESP,2017
ESP,2018
ESP,2019
ESP,2020
ESP,2021
ESP,2022
ESP,2023
ESP,2024
ETH,1967
ETH,1968
ETH,1969
ETH,1970
ETH,1971
ETH,1972
ETH,1973
ETH,1974
ETH,1975
ETH,1976
ETH,1977
ETH,1978
ETH,1979
ETH,1980
ETH,1981
ETH,1982
ETH,1983
ETH,1984
ETH,1985
ETH,1986
ETH,1987
ETH,1988
ETH,1989
ETH,1990
ETH,1991
ETH,1992
ETH,1993
ETH,1994
ETH,1995
ETH,1996
ETH,1997
ETH,1998
ETH,1999
ETH,2000
ETH,2001
ETH,2002
ETH,2003
ETH,2004
ETH,2005
ETH,2006
ETH,2007
ETH,2008
ETH,2009
ETH,2010
ETH,2011
ETH,2012
ETH,2013
ETH,2014
ETH,2015
ETH,2016
ETH,2017
ETH,2018
ETH,2019
ETH,2020
ETH,2021
ETH,2022
ETH,2023
ETH,2024
FIN,1960
FIN,1961
FIN,1962
FIN,1963
FIN,1964
FIN,1965
FIN,1966
FIN,1967
FIN,1968
FIN,1969
FIN,1970
FIN,1971
FIN,1972
FIN,1973
FIN,1974
FIN,1975
FIN,1976
FIN,1977
FIN,1978
FIN,1979
FIN,1980
FIN,1981
FIN,1982
FIN,1983
FIN,1984
FIN,1985
FIN,1986
FIN,1987
FIN,1988
FIN,1989
FIN,1990
FIN,1991
FIN,1992
FIN,1993
FIN,1994
FIN,1995
FIN,1996
FIN,1997
FIN,1998
FIN,1999
FIN,2000
FIN,2001
FIN,2002
FIN,2003
FIN,2004
FIN,2005
FIN,2006
FIN,2007
FIN,2008
FIN,2009
FIN,2010
FIN,2011
FIN,2012
FIN,2013
FIN,2014
FIN,2015
FIN,2016
FIN,2017
FIN,2018
FIN,2019
FIN,2020
FIN,2021
FIN,2022
FIN,2023
FIN,2024
FRA,1960
FRA,1961
FRA,1962
FRA,1963
FRA,1964
FRA,1965
FRA,1966
FRA,1967
FRA,1968
FRA,1969
FRA,1970
FRA,1971
FRA,1972
FRA,1973
FRA,1974
FRA,1975
FRA,1976
FRA,1977
FRA,1978
FRA,1979
FRA,1980
FRA,1981
FRA,1982
FRA,1983
FRA,1984
FRA,1985
FRA,1986
FRA,1987
FRA,1988
FRA,1989
FRA,1990
FRA,1991
FRA,1992
FRA,1993
FRA,1994
FRA,1995
FRA,1996
FRA,1997
FRA,1998
FRA,1999
FRA,2000
FRA,2001
FRA,2002
FRA,2003
FRA,2004
FRA,2005
FRA,2006
FRA,2007
FRA,2008
FRA,2009
FRA,2010
FRA,2011
FRA,2012
FRA,2013
FRA,2014
FRA,2015
FRA,2016
FRA,2017
FRA,2018
FRA,2019
FRA,2020
FRA,2021
FRA,2022
FRA,2023
FRA,2024
GAB,2015
GAB,2016
GAB,2017
GAB,2018
GAB,2019
GAB,2020
GAB,2021
GAB,2022
GAB,2023
GAB,2024
GBR,1960
GBR,1961
GBR,1962
GBR,1963
GBR,1964
GBR,1965
GBR,1966
GBR,1967
GBR,1968
GBR,1969
GBR,1970
GBR,1971
GBR,1972
GBR,1973
GBR,1974
GBR,1975
GBR,1976
GBR,1977
GBR,1978
GBR,1979
GBR,1980
GBR,1981
GBR,1982
GBR,1983
GBR,1984
GBR,1985
GBR,1986
GBR,1987
GBR,1988
GBR,1989
GBR,1990
GBR,1991
GBR,1992
GBR,1993
GBR,1994
GBR,1995
GBR,1996
GBR,1997
GBR,1998
GBR,1999
GBR,2000
GBR,2001
GBR,2002
GBR,2003
GBR,2004
GBR,2005
GBR,2006
GBR,2007
GBR,2008
GBR,2009
GBR,2010
GBR,2011
GBR,2012
GBR,2013
GBR,2014
GBR,2015
GBR,2016
GBR,2017
GBR,2018
GBR,2019
GBR,2020
GBR,2021
GBR,2022
GBR,2023
GBR,2024
GEO,1993
GEO,1994
GEO,1995
GEO,1996
GEO,1997
GEO,1998
GEO,1999
GEO,2000
GEO,2001
GEO,2002
GEO,2003
GEO,2004
GEO,2005
GEO,2006
GEO,2007
GEO,2008
GEO,2009
GEO,2010
GEO,2011
GEO,2012
GEO,2013
GEO,2014
GEO,2015
GEO,2016
GEO,2017
GEO,2018
GEO,2019
GEO,2020
GEO,2021
GEO,2022
GEO,2023
GEO,2024
GHA,1960
GHA,1961
GHA,1962
GHA,1963
GHA,1964
GHA,1965
GHA,1966
GHA,1967
GHA,1968
GHA,1969
GHA,1970
GHA,1971
GHA,1972
GHA,1973
GHA,1974
GHA,1975
GHA,1976
GHA,1977
GHA,1978
GHA,1979
GHA,1980
GHA,1981
GHA,1982
GHA,1983
GHA,1984
GHA,1985
GHA,1986
GHA,1987
GHA,1988
GHA,1989
GHA,1990
GHA,1991
GHA,1992
GHA,1993
GHA,1994
GHA,1995
GHA,1996
GHA,1997
GHA,1998
GHA,1999
GHA,2000
GHA,2001
GHA,2002
GHA,2003
GHA,2004
GHA,2005
GHA,2006
GHA,2007
GHA,2008
GHA,2009
GHA,2010
GHA,2011
GHA,2012
GHA,2013
GHA,2014
GHA,2015
GHA,2016
GHA,2017
GHA,2018
GHA,2019
GHA,2020
GHA,2021
GHA,2022
GHA,2023
GHA,2024
GIN,1972
GIN,1973
GIN,1974
GIN,1975
GIN,1976
GIN,1977
GIN,1978
GIN,1979
GIN,1980
GIN,1981
GIN,1982
GIN,1983
GIN,1984
GIN,1985
GIN,1986
GIN,1987
GIN,1988
GIN,1989
GIN,1990
GIN,1991
GIN,1992
GIN,1993
GIN,1994
GIN,1995
GIN,1996
GIN,1997
GIN,1998
GIN,1999
GIN,2000
GIN,2001
GIN,2002
GIN,2003
GIN,2004
GIN,2005
GIN,2006
GIN,2007
GIN,2008
GIN,2009
GIN,2010
GIN,2011
GIN,2012
GIN,2013
GIN,2014
GIN,2015
GIN,2016
GIN,2017
GIN,2018
GIN,2019
GIN,2020
GIN,2021
GIN,2022
GIN,2023
GIN,2024
GMB,2012
GMB,2013
GMB,2014
GMB,2015
GMB,2016
GMB,2017
GMB,2018
GMB,2019
GMB,2020
GMB,2021
GMB,2022
GMB,2023
GMB,2024
GNB,2020
GNB,2021
GNB,2022
GNB,2023
GNB,2024
GRC,1960
GRC,1961
GRC,1962
GRC,1963
GRC,1964
GRC,1965
GRC,1966
GRC,1967
GRC,1968
GRC,1969
GRC,1970
GRC,1971
GRC,1972
GRC,1973
GRC,1974
GRC,1975
GRC,1976
GRC,1977
GRC,1978
GRC,1979
GRC,1980
GRC,1981
GRC,1982
GRC,1983
GRC,1984
GRC,1985
GRC,1986
GRC,1987
GRC,1988
GRC,1989
GRC,1990
GRC,1991
GRC,1992
GRC,1993
GRC,1994
GRC,1995
GRC,1996
GRC,1997
GRC,1998
GRC,1999
GRC,2000
GRC,2001
GRC,2002
GRC,2003
GRC,2004
GRC,2005
GRC,2006
GRC,2007
GRC,2008
GRC,2009
GRC,2010
GRC,2011
GRC,2012
GRC,2013
GRC,2014
GRC,2015
GRC,2016
GRC,2017
GRC,2018
GRC,2019
GRC,2020
GRC,2021
GRC,2022
GRC,2023
GRC,2024
GTM,1960
GTM,1961
GTM,1962
GTM,1963
GTM,1964
GTM,1965
GTM,1966
GTM,1967
GTM,1968
GTM,1969
GTM,1970
GTM,1971
GTM,1972
GTM,1973
GTM,1974
GTM,1975
GTM,1976
GTM,1977
GTM,1978
GTM,1979
GTM,1980
GTM,1981
GTM,1982
GTM,1983
GTM,1984
GTM,1985
GTM,1986
GTM,1987
GTM,1988
GTM,1989
GTM,1990
GTM,1991
GTM,1992
GTM,1993
GTM,1994
GTM,1995
GTM,1996
GTM,1997
GTM,1998
GTM,1999
GTM,2000
GTM,2001
GTM,2002
GTM,2003
GTM,2004
GTM,2005
GTM,2006
GTM,2007
GTM,2008
GTM,2009
GTM,2010
GTM,2011
GTM,2012
GTM,2013
GTM,2014
GTM,2015
GTM,2016
GTM,2017
GTM,2018
GTM,2019
GTM,2020
GTM,2021
GTM,2022
GTM,2023
GTM,2024
HKG,1961
HKG,1962
HKG,1963
HKG,1964
HKG,1965
HKG,1966
HKG,1967
HKG,1968
HKG,1969
HKG,1970
HKG,1971
HKG,1972
HKG,1973
HKG,1974
HKG,1975
HKG,1976
HKG,1977
HKG,1978
HKG,1979
HKG,1980
HKG,1981
HKG,1982
HKG,1983
HKG,1984
HKG,1985
HKG,1986
HKG,1987
HKG,1988
HKG,1989
HKG,1990
HKG,1991
HKG,1992
HKG,1993
HKG,1994
HKG,1995
HKG,1996
HKG,1997
HKG,1998
HKG,1999
HKG,2000
HKG,2001
HKG,2002
HKG,2003
HKG,2004
HKG,2005
HKG,2006
HKG,2007
HKG,2008
HKG,2009
HKG,2010
HKG,2011
HKG,2012
HKG,2013
HKG,2014
HKG,2015
HKG,2016
HKG,2017
HKG,2018
HKG,2019
HKG,2020
HKG,2021
HKG,2022
HKG,2023
HKG,2024
HND,1960
HND,1961
HND,1962
HND,1963
HND,1964
HND,1965
HND,1966
HND,1967
HND,1968
HND,1969
HND,1970
HND,1971
HND,1972
HND,1973
HND,1974
HND,1975
HND,1976
HND,1977
HND,1978
HND,1979
HND,1980
HND,1981
HND,1982
HND,1983
HND,1984
HND,1985
HND,1986
HND,1987
HND,1988
HND,1989
HND,1990
HND,1991
HND,1992
HND,1993
HND,1994
HND,1995
HND,1996
HND,1997
HND,1998
HND,1999
HND,2000
HND,2001
HND,2002
HND,2003
HND,2004
HND,2005
HND,2006
HND,2007
HND,2008
HND,2009
HND,2010
HND,2011
HND,2012
HND,2013
HND,2014
HND,2015
HND,2016
HND,2017
HND,2018
HND,2019
HND,2020
HND,2021
HND,2022
HND,2023
HND,2024
HRV,1992
HRV,1993
HRV,1994
HRV,1995
HRV,1996
HRV,1997
HRV,1998
HRV,1999
HRV,2000
HRV,2001
HRV,2002
HRV,2003
HRV,2004
HRV,2005
HRV,2006
HRV,2007
HRV,2008
HRV,2009
HRV,2010
HRV,2011
HRV,2012
HRV,2013
HRV,2014
HRV,2015
HRV,2016
HRV,2017
HRV,2018
HRV,2019
HRV,2020
HRV,2021
HRV,2022
HRV,2023
HRV,2024
HTI,1961
HTI,1962
HTI,1963
HTI,1964
HTI,1965
HTI,1966
HTI,1967
HTI,1968
HTI,1969
HTI,1970
HTI,1971
HTI,1972
HTI,1973
HTI,1974
HTI,1975
HTI,1976
HTI,1977
HTI,1978
HTI,1979
HTI,1980
HTI,1981
HTI,1982
HTI,1983
HTI,1984
HTI,1985
HTI,1986
HTI,1987
HTI,1988
HTI,1989
HTI,1990
HTI,1991
HTI,1992
HTI,1993
HTI,1994
HTI,1995
HTI,1996
HTI,1997
HTI,1998
HTI,1999
HTI,2000
HTI,2001
HTI,2002
HTI,2003
HTI,2004
HTI,2005
HTI,2006
HTI,2007
HTI,2008
HTI,2009
HTI,2010
HTI,2011
HTI,2012
HTI,2013
HTI,2014
HTI,2015
HTI,2016
HTI,2017
HTI,2018
HTI,2019
HTI,2020
HTI,2021
HTI,2022
HTI,2023
HTI,2024
HUN,1960
HUN,1961
HUN,1962
HUN,1963
HUN,1964
HUN,1965
HUN,1966
HUN,1967
HUN,1968
HUN,1969
HUN,1970
HUN,1971
HUN,1972
HUN,1973
HUN,1974
HUN,1975
HUN,1976
HUN,1977
HUN,1978
HUN,1979
HUN,1980
HUN,1981
HUN,1982
HUN,1983
HUN,1984
HUN,1985
HUN,1986
HUN,1987
HUN,1988
HUN,1989
HUN,1990
HUN,1991
HUN,1992
HUN,1993
HUN,1994
HUN,1995
HUN,1996
HUN,1997
HUN,1998
HUN,1999
HUN,2000
HUN,2001
HUN,2002
HUN,2003
HUN,2004
HUN,2005
HUN,2006
HUN,2007
HUN,2008
HUN,2009
HUN,2010
HUN,2011
HUN,2012
HUN,2013
HUN,2014
HUN,2015
HUN,2016
HUN,2017
HUN,2018
HUN,2019
HUN,2020
HUN,2021
HUN,2022
HUN,2023
HUN,2024
IDN,1968
IDN,1969
IDN,1970
IDN,1971
IDN,1972
IDN,1973
IDN,1974
IDN,1975
IDN,1976
IDN,1977
IDN,1978
IDN,1979
IDN,1980
IDN,1981
IDN,1982
IDN,1983
IDN,1984
IDN,1985
IDN,1986
IDN,1987
IDN,1988
IDN,1989
IDN,1990
IDN,1991
IDN,1992
IDN,1993
IDN,1994
IDN,1995
IDN,1996
IDN,1997
IDN,1998
IDN,1999
IDN,2000
IDN,2001
IDN,2002
IDN,2003
IDN,2004
IDN,2005
IDN,2006
IDN,2007
IDN,2008
IDN,2009
IDN,2010
IDN,2011
IDN,2012
IDN,2013
IDN,2014
IDN,2015
IDN,2016
IDN,2017
IDN,2018
IDN,2019
IDN,2020
IDN,2021
IDN,2022
IDN,2023
IDN,2024
IND,1960
IND,1961
IND,1962
IND,1963
IND,1964
IND,1965
IND,1966
IND,1967
IND,1968
IND,1969
IND,1970
IND,1971
IND,1972
IND,1973
IND,1974
IND,1975
IND,1976
IND,1977
IND,1978
IND,1979
IND,1980
IND,1981
IND,1982
IND,1983
IND,1984
IND,1985
IND,1986
IND,1987
IND,1988
IND,1989
IND,1990
IND,1991
IND,1992
IND,1993
IND,1994
IND,1995
IND,1996
IND,1997
IND,1998
IND,1999
IND,2000
IND,2001
IND,2002
IND,2003
IND,2004
IND,2005
IND,2006
IND,2007
IND,2008
IND,2009
IND,2010
IND,2011
IND,2012
IND,2013
IND,2014
IND,2015
IND,2016
IND,2017
IND,2018
IND,2019
IND,2020
IND,2021
IND,2022
IND,2023
IND,2024
IRL,1960
IRL,1961
IRL,1962
IRL,1963
IRL,1964
IRL,1965
IRL,1966
IRL,1967
IRL,1968
IRL,1969
IRL,1970
IRL,1971
IRL,1972
IRL,1973
IRL,1974
IRL,1975
IRL,1976
IRL,1977
IRL,1978
IRL,1979
IRL,1980
IRL,1981
IRL,1982
IRL,1983
IRL,1984
IRL,1985
IRL,1986
IRL,1987
IRL,1988
IRL,1989
IRL,1990
IRL,1991
IRL,1992
IRL,1993
IRL,1994
IRL,1995
IRL,1996
IRL,1997
IRL,1998
IRL,1999
IRL,2000
IRL,2001
IRL,2002
IRL,2003
IRL,2004
IRL,2005
IRL,2006
IRL,2007
IRL,2008
IRL,2009
IRL,2010
IRL,2011
IRL,2012
IRL,2013
IRL,2014
IRL,2015
IRL,2016
IRL,2017
IRL,2018
IRL,2019
IRL,2020
IRL,2021
IRL,2022
IRL,2023
IRL,2024
IRN,1960
IRN,1961
IRN,1962
IRN,1963
IRN,1964
IRN,1965
IRN,1966
IRN,1967
IRN,1968
IRN,1969
IRN,1970
IRN,1971
IRN,1972
IRN,1973
IRN,1974
IRN,1975
IRN,1976
IRN,1977
IRN,1978
IRN,1979
IRN,1980
IRN,1981
IRN,1982
IRN,1983
IRN,1984
IRN,1985
IRN,1986
IRN,1987
IRN,1988
IRN,1989
IRN,1990
IRN,1991
IRN,1992
IRN,1993
IRN,1994
IRN,1995
IRN,1996
IRN,1997
IRN,1998
IRN,1999
IRN,2000
IRN,2001
IRN,2002
IRN,2003
IRN,2004
IRN,2005
IRN,2006
IRN,2007
IRN,2008
IRN,2009
IRN,2010
IRN,2011
IRN,2012
IRN,2013
IRN,2014
IRN,2015
IRN,2016
IRN,2017
IRN,2018
IRN,2019
IRN,2020
IRN,2021
IRN,2022
IRN,2023
IRN,2024
IRQ,1960
IRQ,1963
IRQ,1964
IRQ,1965
IRQ,1966
IRQ,1967
IRQ,1968
IRQ,1969
IRQ,1970
IRQ,1971
IRQ,1972
IRQ,1973
IRQ,1974
IRQ,1975
IRQ,1976
IRQ,1977
IRQ,1978
IRQ,1979
IRQ,1980
IRQ,1981
IRQ,1982
IRQ,1983
IRQ,1984
IRQ,1985
IRQ,1986
IRQ,1987
IRQ,1988
IRQ,1989
IRQ,1990
IRQ,1991
IRQ,1992
IRQ,1993
IRQ,1994
IRQ,1995
IRQ,1996
IRQ,1997
IRQ,1998
IRQ,1999
IRQ,2000
IRQ,2001
IRQ,2002
IRQ,2003
IRQ,2004
IRQ,2005
IRQ,2006
IRQ,2007
IRQ,2008
IRQ,2009
IRQ,2010
IRQ,2011
IRQ,2012
IRQ,2013
IRQ,2014
IRQ,2015
IRQ,2016
IRQ,2017
IRQ,2018
IRQ,2019
IRQ,2020
IRQ,2021
IRQ,2022
IRQ,2023
IRQ,2024
ISR,1960
ISR,1961
ISR,1962
ISR,1963
ISR,1964
ISR,1965
ISR,1966
ISR,1967
ISR,1968
ISR,1969
ISR,1970
ISR,1971
ISR,1972
ISR,1973
ISR,1974
ISR,1975
ISR,1976
ISR,1977
ISR,1978
ISR,1979
ISR,1980
ISR,1981
ISR,1982
ISR,1983
ISR,1984
ISR,1985
ISR,1986
ISR,1987
ISR,1988
ISR,1989
ISR,1990
ISR,1991
ISR,1992
ISR,1993
ISR,1994
ISR,1995
ISR,1996
ISR,1997
ISR,1998
ISR,1999
ISR,2000
ISR,2001
ISR,2002
ISR,2003
ISR,2004
ISR,2005
ISR,2006
ISR,2007
ISR,2008
ISR,2009
ISR,2010
ISR,2011
ISR,2012
ISR,2013
ISR,2014
ISR,2015
ISR,2016
ISR,2017
ISR,2018
ISR,2019
ISR,2020
ISR,2021
ISR,2022
ISR,2023
ISR,2024
ITA,1960
ITA,1961
ITA,1962
ITA,1963
ITA,1964
ITA,1965
ITA,1966
ITA,1967
ITA,1968
ITA,1969
ITA,1970
ITA,1971
ITA,1972
ITA,1973
ITA,1974
ITA,1975
ITA,1976
ITA,1977
ITA,1978
ITA,1979
ITA,1980
ITA,1981
ITA,1982
ITA,1983
ITA,1984
ITA,1985
ITA,1986
ITA,1987
ITA,1988
ITA,1989
ITA,1990
ITA,1991
ITA,1992
ITA,1993
ITA,1994
ITA,1995
ITA,1996
ITA,1997
ITA,1998
ITA,1999
ITA,2000
ITA,2001
ITA,2002
ITA,2003
ITA,2004
ITA,2005
ITA,2006
ITA,2007
ITA,2008
ITA,2009
ITA,2010
ITA,2011
ITA,2012
ITA,2013
ITA,2014
ITA,2015
ITA,2016
ITA,2017
ITA,2018
ITA,2019
ITA,2020
ITA,2021
ITA,2022
ITA,2023
ITA,2024
JAM,1975
JAM,1976
JAM,1977
JAM,1978
JAM,1979
JAM,1980
JAM,1981
JAM,1982
JAM,1983
JAM,1984
JAM,1985
JAM,1986
JAM,1987
JAM,1988
JAM,1989
JAM,1990
JAM,1991
JAM,1992
JAM,1993
JAM,1994
JAM,1995
JAM,1996
JAM,1997
JAM,1998
JAM,1999
JAM,2000
JAM,2001
JAM,2002
JAM,2003
JAM,2004
JAM,2005
JAM,2006
JAM,2007
JAM,2008
JAM,2009
JAM,2010
JAM,2011
JAM,2012
JAM,2013
JAM,2014
JAM,2015
JAM,2016
JAM,2017
JAM,2018
JAM,2019
JAM,2020
JAM,2021
JAM,2022
JAM,2023
JAM,2024
JOR,1977
JOR,1978
JOR,1979
JOR,1980
JOR,1981
JOR,1982
JOR,1983
JOR,1984
JOR,1985
JOR,1986
JOR,1987
JOR,1988
JOR,1989
JOR,1990
JOR,1991
JOR,1992
JOR,1993
JOR,1994
JOR,1995
JOR,1996
JOR,1997
JOR,1998
JOR,1999
JOR,2000
JOR,2001
JOR,2002
JOR,2003
JOR,2004
JOR,2005
JOR,2006
JOR,2007
JOR,2008
JOR,2009
JOR,2010
JOR,2011
JOR,2012
JOR,2013
JOR,2014
JOR,2015
JOR,2016
JOR,2017
JOR,2018
JOR,2019
JOR,2020
JOR,2021
JOR,2022
JOR,2023
JOR,2024
JPN,1960
JPN,1961
JPN,1962
JPN,1963
JPN,1964
JPN,1965
JPN,1966
JPN,1967
JPN,1968
JPN,1969
JPN,1970
JPN,1971
JPN,1972
JPN,1973
JPN,1974
JPN,1975
JPN,1976
JPN,1977
JPN,1978
JPN,1979
JPN,1980
JPN,1981
JPN,1982
JPN,1983
JPN,1984
JPN,1985
JPN,1986
JPN,1987
JPN,1988
JPN,1989
JPN,1990
JPN,1991
JPN,1992
JPN,1993
JPN,1994
JPN,1995
JPN,1996
JPN,1997
JPN,1998
JPN,1999
JPN,2000
JPN,2001
JPN,2002
JPN,2003
JPN,2004
JPN,2005
JPN,2006
JPN,2007
JPN,2008
JPN,2009
JPN,2010
JPN,2011
JPN,2012
JPN,2013
JPN,2014
JPN,2015
JPN,2016
JPN,2017
JPN,2018
JPN,2019
JPN,2020
JPN,2021
JPN,2022
JPN,2023
JPN,2024
KAZ,1993
KAZ,1994
KAZ,1995
KAZ,1996
KAZ,1997
KAZ,1998
KAZ,1999
KAZ,2000
KAZ,2001
KAZ,2002
KAZ,2003
KAZ,2004
KAZ,2005
KAZ,2006
KAZ,2007
KAZ,2008
KAZ,2009
KAZ,2010
KAZ,2011
KAZ,2012
KAZ,2013
KAZ,2014
KAZ,2015
KAZ,2016
KAZ,2017
KAZ,2018
KAZ,2019
KAZ,2020
KAZ,2021
KAZ,2022
KAZ,2023
KAZ,2024
KEN,1960
KEN,1961
KEN,1962
KEN,1963
KEN,1964
KEN,1965
KEN,1966
KEN,1967
KEN,1968
KEN,1969
KEN,1970
KEN,1971
KEN,1972
KEN,1973
KEN,1974
KEN,1975
KEN,1976
KEN,1977
KEN,1978
KEN,1979
KEN,1980
KEN,1981
KEN,1982
KEN,1983
KEN,1984
KEN,1985
KEN,1986
KEN,1987
KEN,1988
KEN,1989
KEN,1990
KEN,1991
KEN,1992
KEN,1993
KEN,1994
KEN,1995
KEN,1996
KEN,1997
KEN,1998
KEN,1999
KEN,2000
KEN,2001
KEN,2002
KEN,2003
KEN,2004
KEN,2005
KEN,2006
KEN,2007
KEN,2008
KEN,2009
KEN,2010
KEN,2011
KEN,2012
KEN,2013
KEN,2014
KEN,2015
KEN,2016
KEN,2017
KEN,2018
KEN,2019
KEN,2020
KEN,2021
KEN,2022
KEN,2023
KEN,2024
KGZ,1993
KGZ,1994
KGZ,1995
KGZ,1996
KGZ,1997
KGZ,1998
KGZ,1999
KGZ,2000
KGZ,2001
KGZ,2002
KGZ,2003
KGZ,2004
KGZ,2005
KGZ,2006
KGZ,2007
KGZ,2008
KGZ,2009
KGZ,2010
KGZ,2011
KGZ,2012
KGZ,2013
KGZ,2014
KGZ,2015
KGZ,2016
KGZ,2017
KGZ,2018
KGZ,2019
KGZ,2020
KGZ,2021
KGZ,2022
KGZ,2023
KGZ,2024
KHM,1988
KHM,1989
KHM,1990
KHM,1991
KHM,1992
KHM,1993
KHM,1994
KHM,1995
KHM,1996
KHM,1997
KHM,1998
KHM,1999
KHM,2000
KHM,2001
KHM,2002
KHM,2003
KHM,2004
KHM,2005
KHM,2006
KHM,2007
KHM,2008
KHM,2009
KHM,2010
KHM,2011
KHM,2012
KHM,2013
KHM,2014
KHM,2015
KHM,2016
KHM,2017
KHM,2018
KHM,2019
KHM,2020
KHM,2021
KHM,2022
KHM,2023
KHM,2024
KOR,1960
KOR,1961
KOR,1962
KOR,1963
KOR,1964
KOR,1965
KOR,1966
KOR,1967
KOR,1968
KOR,1969
KOR,1970
KOR,1971
KOR,1972
KOR,1973
KOR,1974
KOR,1975
KOR,1976
KOR,1977
KOR,1978
KOR,1979
KOR,1980
KOR,1981
KOR,1982
KOR,1983
KOR,1984
KOR,1985
KOR,1986
KOR,1987
KOR,1988
KOR,1989
KOR,1990
KOR,1991
KOR,1992
KOR,1993
KOR,1994
KOR,1995
KOR,1996
KOR,1997
KOR,1998
KOR,1999
KOR,2000
KOR,2001
KOR,2002
KOR,2003
KOR,2004
KOR,2005
KOR,2006
KOR,2007
KOR,2008
KOR,2009
KOR,2010
KOR,2011
KOR,2012
KOR,2013
KOR,2014
KOR,2015
KOR,2016
KOR,2017
KOR,2018
KOR,2019
KOR,2020
KOR,2021
KOR,2022
KOR,2023
KOR,2024
KWT,1987
KWT,1988
KWT,1989
KWT,2001
KWT,2002
KWT,2003
KWT,2004
KWT,2005
KWT,2006
KWT,2007
KWT,2008
KWT,2009
KWT,2010
KWT,2011
KWT,2012
KWT,2013
KWT,2014
KWT,2015
KWT,2016
KWT,2017
KWT,2018
KWT,2019
KWT,2020
KWT,2021
KWT,2022
KWT,2023
KWT,2024
LAO,1972
LAO,1973
LAO,1974
LAO,1975
LAO,1976
LAO,1977
LAO,1978
LAO,1979
LAO,1980
LAO,1981
LAO,1982
LAO,1983
LAO,1984
LAO,1985
LAO,1986
LAO,1987
LAO,1988
LAO,1989
LAO,1990
LAO,1991
LAO,1992
LAO,1993
LAO,1994
LAO,1995
LAO,1996
LAO,1997
LAO,1998
LAO,1999
LAO,2000
LAO,2001
LAO,2002
LAO,2003
LAO,2004
LAO,2005
LAO,2006
LAO,2007
LAO,2008
LAO,2009
LAO,2010
LAO,2011
LAO,2012
LAO,2013
LAO,2014
LAO,2015
LAO,2016
LAO,2017
LAO,2018
LAO,2019
LAO,2020
LAO,2021
LAO,2022
LAO,2023
LAO,2024
LBN,1968
LBN,1969
LBN,1970
LBN,1971
LBN,1972
LBN,1973
LBN,1974
LBN,1975
LBN,1976
LBN,1977
LBN,1978
LBN,1979
LBN,1980
LBN,1981
LBN,1982
LBN,1983
LBN,1984
LBN,1985
LBN,1986
LBN,1987
LBN,1988
LBN,1989
LBN,1990
LBN,1991
LBN,1992
LBN,1993
LBN,1994
LBN,1995
LBN,1996
LBN,1997
LBN,1998
LBN,1999
LBN,2000
LBN,2001
LBN,2002
LBN,2003
LBN,2004
LBN,2005
LBN,2006
LBN,2007
LBN,2008
LBN,2009
LBN,2010
LBN,2011
LBN,2012
LBN,2013
LBN,2014
LBN,2015
LBN,2016
LBN,2017
LBN,2018
LBN,2019
LBN,2020
LBN,2021
LBN,2022
LBN,2023
LBN,2024
LBR,1982
LBR,1983
LBR,1984
LBR,1985
LBR,1986
LBR,1987
LBR,1988
LBR,1989
LBR,1990
LBR,1992
LBR,1993
LBR,1994
LBR,1995
LBR,1996
LBR,1997
LBR,1998
LBR,1999
LBR,2000
LBR,2001
LBR,2002
LBR,2003
LBR,2004
LBR,2005
LBR,2006
LBR,2007
LBR,2008
LBR,2009
LBR,2010
LBR,2011
LBR,2012
LBR,2013
LBR,2014
LBR,2015
LBR,2016
LBR,2017
LBR,2018
LBR,2019
LBR,2020
LBR,2021
LBR,2022
LBR,2023
LBR,2024
LBY,1969
LBY,1970
LBY,1971
LBY,1972
LBY,1973
LBY,1974
LBY,1975
LBY,1976
LBY,1977
LBY,1978
LBY,1979
LBY,1980
LBY,1981
LBY,1982
LBY,1983
LBY,1984
LBY,1985
LBY,1986
LBY,1987
LBY,1988
LBY,1989
LBY,1990
LBY,1991
LBY,1992
LBY,1993
LBY,1994
LBY,1995
LBY,1996
LBY,1997
LBY,1998
LBY,1999
LBY,2000
LBY,2001
LBY,2002
LBY,2003
LBY,2004
LBY,2005
LBY,2006
LBY,2007
LBY,2008
LBY,2009
LBY,2010
LBY,2011
LBY,2012
LBY,2013
LBY,2014
LBY,2015
LBY,2016
LBY,2017
LBY,2018
LBY,2019
LBY,2020
LBY,2021
LBY,2022
LBY,2023
LBY,2024
LKA,1960
LKA,1961
LKA,1962
LKA,1963
LKA,1964
LKA,1965
LKA,1966
LKA,1967
LKA,1968
LKA,1969
LKA,1970
LKA,1971
LKA,1972
LKA,1973
LKA,1974
LKA,1975
LKA,1976
LKA,1977
LKA,1978
LKA,1979
LKA,1980
LKA,1981
LKA,1982
LKA,1983
LKA,1984
LKA,1985
LKA,1986
LKA,1987
LKA,1988
LKA,1989
LKA,1990
LKA,1991
LKA,1992
LKA,1993
LKA,1994
LKA,1995
LKA,1996
LKA,1997
LKA,1998
LKA,1999
LKA,2000
LKA,2001
LKA,2002
LKA,2003
LKA,2004
LKA,2005
LKA,2006
LKA,2007
LKA,2008
LKA,2009
LKA,2010
LKA,2011
LKA,2012
LKA,2013
LKA,2014
LKA,2015
LKA,2016
LKA,2017
LKA,2018
LKA,2019
LKA,2020
LKA,2021
LKA,2022
LKA,2023
LKA,2024
LSO,1999
LSO,2000
LSO,2001
LSO,2011
LSO,2012
LSO,2013
LSO,2014
LSO,2015
LSO,2016
LSO,2017
LSO,2018
LSO,2019
LSO,2020
LSO,2021
LSO,2022
LSO,2023
LSO,2024
LTU,1988
LTU,1989
LTU,1990
LTU,1991
LTU,1992
LTU,1993
LTU,1994
LTU,1995
LTU,1996
LTU,1997
LTU,1998
LTU,1999
LTU,2000
LTU,2001
LTU,2002
LTU,2003
LTU,2004
LTU,2005
LTU,2006
LTU,2007
LTU,2008
LTU,2009
LTU,2010
LTU,2011
LTU,2012
LTU,2013
LTU,2014
LTU,2015
LTU,2016
LTU,2017
LTU,2018
LTU,2019
LTU,2020
LTU,2021
LTU,2022
LTU,2023
LTU,2024
LVA,1992
LVA,1993
LVA,1994
LVA,1995
LVA,1996
LVA,1997
LVA,1998
LVA,1999
LVA,2000
LVA,2001
LVA,2002
LVA,2003
LVA,2004
LVA,2005
LVA,2006
LVA,2007
LVA,2008
LVA,2009
LVA,2010
LVA,2011
LVA,2012
LVA,2013
MAR,1960
MAR,1961
MAR,1962
MAR,1963
MAR,1964
MAR,1965
MAR,1966
MAR,1967
MAR,1968
MAR,1969
MAR,1970
MAR,1971
MAR,1972
MAR,1973
MAR,1974
MAR,1975
MAR,1976
MAR,1977
MAR,1978
MAR,1979
MAR,1980
MAR,1981
MAR,1982
MAR,1983
MAR,1984
MAR,1985
MAR,1986
MAR,1987
MAR,1988
MAR,1989
MAR,1990
MAR,1991
MAR,1992
MAR,1993
MAR,1994
MAR,1995
MAR,1996
MAR,1997
MAR,1998
MAR,1999
MAR,2000
MAR,2001
MAR,2002
MAR,2003
MAR,2004
MAR,2005
MAR,2006
MAR,2007
MAR,2008
MAR,2009
MAR,2010
MAR,2011
MAR,2012
MAR,2013
MAR,2014
MAR,2015
MAR,2016
MAR,2017
MAR,2018
MAR,2019
MAR,2020
MAR,2021
MAR,2022
MAR,2023
MAR,2024
MDA,1993
MDA,1994
MDA,1995
MDA,1996
MDA,1997
MDA,1998
MDA,1999
MDA,2000
MDA,2001
MDA,2002
MDA,2003
MDA,2004
MDA,2005
MDA,2006
MDA,2007
MDA,2008
MDA,2009
MDA,2010
MDA,2011
MDA,2012
MDA,2013
MDA,2014
MDA,2015
MDA,2016
MDA,2017
MDA,2018
MDA,2019
MDA,2020
MDA,2021
MDA,2022
MDA,2023
MDA,2024
MDG,1961
MDG,1962
MDG,1963
MDG,1964
MDG,1965
MDG,1966
MDG,1967
MDG,1968
MDG,1969
MDG,1970
MDG,1971
MDG,1972
MDG,1973
MDG,1974
MDG,1975
MDG,1976
MDG,1977
MDG,1978
MDG,1979
MDG,1980
MDG,1981
MDG,1982
MDG,1983
MDG,1984
MDG,1985
MDG,1986
MDG,1987
MDG,1988
MDG,1989
MDG,1990
MDG,1991
MDG,1992
MDG,1993
MDG,1994
MDG,1995
MDG,1996
MDG,1997
MDG,1998
MDG,1999
MDG,2000
MDG,2001
MDG,2002
MDG,2003
MDG,2004
MDG,2005
MDG,2006
MDG,2007
MDG,2008
MDG,2009
MDG,2010
MDG,2011
MDG,2012
MDG,2013
MDG,2014
MDG,2015
MDG,2016
MDG,2017
MDG,2018
MDG,2019
MDG,2020
MDG,2021
MDG,2022
MDG,2023
MDG,2024
MEX,1960
MEX,1961
MEX,1962
MEX,1963
MEX,1964
MEX,1965
MEX,1966
MEX,1967
MEX,1968
MEX,1969
MEX,1970
MEX,1971
MEX,1972
MEX,1973
MEX,1974
MEX,1975
MEX,1976
MEX,1977
MEX,1978
MEX,1979
MEX,1980
MEX,1981
MEX,1982
MEX,1983
MEX,1984
MEX,1985
MEX,1986
MEX,1987
MEX,1988
MEX,1989
MEX,1990
MEX,1991
MEX,1992
MEX,1993
MEX,1994
MEX,1995
MEX,1996
MEX,1997
MEX,1998
MEX,1999
MEX,2000
MEX,2001
MEX,2002
MEX,2003
MEX,2004
MEX,2005
MEX,2006
MEX,2007
MEX,2008
MEX,2009
MEX,2010
MEX,2011
MEX,2012
MEX,2013
MEX,2014
MEX,2015
MEX,2016
MEX,2017
MEX,2018
MEX,2019
MEX,2020
MEX,2021
MEX,2022
MEX,2023
MEX,2024
MKD,1992
MKD,1993
MKD,1996
MKD,1998
MKD,1999
MKD,2000
MKD,2001
MKD,2002
MKD,2003
MKD,2004
MKD,2005
MLI,1972
MLI,1973
MLI,1974
MLI,1975
MLI,1976
MLI,1977
MLI,1978
MLI,1979
MLI,1980
MLI,1981
MLI,1982
MLI,1983
MLI,1984
MLI,1985
MLI,1986
MLI,1987
MLI,1988
MLI,1989
MLI,1990
MLI,1991
MLI,1992
MLI,1993
MLI,1994
MLI,1995
MLI,1996
MLI,1997
MLI,1998
MLI,1999
MLI,2000
MLI,2001
MLI,2002
MLI,2003
MLI,2004
MLI,2005
MLI,2006
MLI,2007
MLI,2008
MLI,2009
MLI,2010
MLI,2011
MLI,2012
MLI,2013
MLI,2014
MLI,2015
MLI,2016
MLI,2017
MLI,2018
MLI,2019
MLI,2020
MLI,2021
MLI,2022
MLI,2023
MLI,2024
MMR,1960
MMR,1961
MMR,1962
MMR,1963
MMR,1964
MMR,1965
MMR,1966
MMR,1967
MMR,1968
MMR,1969
MMR,1970
MMR,1971
MMR,1972
MMR,1973
MMR,1974
MMR,1975
MMR,1976
MMR,1977
MMR,1978
MMR,1979
MMR,1980
MMR,1981
MMR,1982
MMR,1983
MMR,1984
MMR,1985
MMR,1986
MMR,1987
MMR,1988
MMR,1989
MMR,1990
MMR,1991
MMR,1992
MMR,1993
MMR,1994
MMR,1995
MMR,1996
MMR,1997
MMR,1998
MMR,1999
MMR,2000
MMR,2001
MMR,2002
MMR,2003
MMR,2004
MMR,2005
MMR,2006
MMR,2007
MMR,2008
MMR,2009
MMR,2010
MMR,2011
MMR,2012
MMR,2013
MMR,2014
MMR,2015
MMR,2016
MMR,2017
MMR,2018
MMR,2019
MMR,2020
MMR,2021
MMR,2022
MMR,2023
MMR,2024
MNG,1992
MNG,1993
MNG,1994
MNG,1995
MNG,1996
MNG,1997
MNG,1998
MNG,1999
MNG,2000
MNG,2001
MNG,2002
MNG,2003
MNG,2004
MNG,2005
MNG,2006
MNG,2007
MNG,2008
MNG,2009
MNG,2010
MNG,2011
MNG,2012
MNG,2013
MNG,2014
MNG,2015
MNG,2016
MNG,2017
MNG,2018
MNG,2019
MNG,2020
MNG,2021
MNG,2022
MNG,2023
MNG,2024
MOZ,1961
MOZ,1962
MOZ,1963
MOZ,1964
MOZ,1965
MOZ,1966
MOZ,1967
MOZ,1968
MOZ,1969
MOZ,1970
MOZ,1971
MOZ,1972
MOZ,1973
MOZ,1974
MOZ,1975
MOZ,1976
MOZ,1977
MOZ,1978
MOZ,1979
MOZ,1980
MOZ,1981
MOZ,1982
MOZ,1983
MOZ,1984
MOZ,1985
MOZ,1986
MOZ,1987
MOZ,1988
MOZ,1989
MOZ,1990
MOZ,1991
MOZ,1992
MOZ,1993
MOZ,1994
MOZ,1995
MOZ,1996
MOZ,1997
MOZ,1998
MOZ,1999
MOZ,2000
MOZ,2001
MOZ,2002
MOZ,2003
MOZ,2004
MOZ,2005
MOZ,2006
MOZ,2007
MOZ,2008
MOZ,2009
MOZ,2010
MOZ,2011
MOZ,2012
MOZ,2013
MOZ,2014
MOZ,2015
MOZ,2016
MOZ,2017
MOZ,2018
MOZ,2019
MOZ,2020
MOZ,2021
MOZ,2022
MOZ,2023
MOZ,2024
MRT,1991
MRT,1992
MRT,1993
MRT,1994
MRT,1995
MRT,1996
MRT,1997
MRT,1998
MRT,1999
MRT,2000
MRT,2001
MRT,2002
MRT,2003
MRT,2004
MRT,2005
MRT,2006
MRT,2007
MRT,2008
MRT,2009
MRT,2010
MRT,2011
MRT,2012
MRT,2013
MRT,2014
MRT,2015
MRT,2016
MRT,2017
MRT,2018
MRT,2019
MRT,2020
MRT,2021
MRT,2022
MRT,2023
MRT,2024
MWI,1970
MWI,1971
MWI,1972
MWI,1973
MWI,1974
MWI,1975
MWI,1976
MWI,1977
MWI,1978
MWI,1979
MWI,1980
MWI,1981
MWI,1982
MWI,1983
MWI,1984
MWI,1985
MWI,1986
MWI,1987
MWI,1988
MWI,1989
MWI,1990
MWI,1991
MWI,1992
MWI,1993
MWI,1994
MWI,1995
MWI,1996
MWI,1997
MWI,1998
MWI,1999
MWI,2000
MWI,2001
MWI,2002
MWI,2003
MWI,2004
MWI,2005
MWI,2006
MWI,2007
MWI,2008
MWI,2009
MWI,2010
MWI,2011
MWI,2012
MWI,2013
MWI,2014
MWI,2015
MWI,2016
MWI,2017
MWI,2018
MWI,2019
MWI,2020
MWI,2021
MWI,2022
MWI,2023
MWI,2024
MYS,1960
MYS,1961
MYS,1962
MYS,1963
MYS,1964
MYS,1965
MYS,1966
MYS,1967
MYS,1968
MYS,1969
MYS,1970
MYS,1971
MYS,1972
MYS,1973
MYS,1974
MYS,1975
MYS,1976
MYS,1977
MYS,1978
MYS,1979
MYS,1980
MYS,1981
MYS,1982
MYS,1983
MYS,1984
MYS,1985
MYS,1986
MYS,1987
MYS,1988
MYS,1989
MYS,1990
MYS,1991
MYS,1992
MYS,1993
MYS,1994
MYS,1995
MYS,1996
MYS,1997
MYS,1998
MYS,1999
MYS,2000
MYS,2001
MYS,2002
MYS,2003
MYS,2004
MYS,2005
MYS,2006
MYS,2007
MYS,2008
MYS,2009
MYS,2010
MYS,2011
MYS,2012
MYS,2013
MYS,2014
MYS,2015
MYS,2016
MYS,2017
MYS,2018
MYS,2019
MYS,2020
MYS,2021
MYS,2022
MYS,2023
MYS,2024
NAM,2007
NAM,2008
NAM,2009
NAM,2010
NAM,2011
NAM,2012
NAM,2013
NAM,2014
NAM,2015
NAM,2016
NAM,2017
NAM,2018
NAM,2019
NAM,2020
NAM,2021
NAM,2022
NAM,2023
NAM,2024
NER,1965
NER,1966
NER,1967
NER,1968
NER,1969
NER,1970
NER,1971
NER,1972
NER,1973
NER,1974
NER,1975
NER,1976
NER,1977
NER,1978
NER,1979
NER,1980
NER,1981
NER,1982
NER,1983
NER,1984
NER,1985
NER,1986
NER,1987
NER,1988
NER,1989
NER,1990
NER,1991
NER,1992
NER,1993
NER,1994
NER,1995
NER,1996
NER,1997
NER,1998
NER,1999
NER,2000
NER,2001
NER,2002
NER,2003
NER,2004
NER,2005
NER,2006
NER,2007
NER,2008
NER,2009
NER,2010
NER,2011
NER,2012
NER,2013
NER,2014
NER,2015
NER,2016
NER,2017
NER,2018
NER,2019
NER,2020
NER,2021
NER,2022
NER,2023
NER,2024
NGA,1960
NGA,1961
NGA,1962
NGA,1963
NGA,1964
NGA,1965
NGA,1966
NGA,1967
NGA,1968
NGA,1969
NGA,1970
NGA,1971
NGA,1972
NGA,1973
NGA,1974
NGA,1975
NGA,1976
NGA,1977
NGA,1978
NGA,1979
NGA,1980
NGA,1981
NGA,1982
NGA,1983
NGA,1984
NGA,1985
NGA,1986
NGA,1987
NGA,1988
NGA,1989
NGA,1990
NGA,1991
NGA,1992
NGA,1993
NGA,1994
NGA,1995
NGA,1996
NGA,1997
NGA,1998
NGA,1999
NGA,2000
NGA,2001
NGA,2002
NGA,2003
NGA,2004
NGA,2005
NGA,2006
NGA,2007
NGA,2008
NGA,2009
NGA,2010
NGA,2011
NGA,2012
NGA,2013
NGA,2014
NGA,2015
NGA,2016
NGA,2017
NGA,2018
NGA,2019
NGA,2020
NGA,2021
NGA,2022
NGA,2023
NGA,2024
NIC,1964
NIC,1965
NIC,1966
NIC,1967
NIC,1968
NIC,1969
NIC,1970
NIC,1971
NIC,1972
NIC,1973
NIC,1974
NIC,1975
NIC,1976
NIC,1977
NIC,1978
NIC,1979
NIC,1980
NIC,1981
NIC,1982
NIC,1983
NIC,1984
NIC,1985
NIC,1986
NIC,1987
NIC,1988
NIC,1989
NIC,1990
NIC,1991
NIC,1992
NIC,1993
NIC,1994
NIC,1995
NIC,1996
NIC,1997
NIC,1998
NIC,1999
NIC,2000
NIC,2001
NIC,2002
NIC,2003
NIC,2004
NIC,2005
NIC,2006
NIC,2007
NIC,2008
NIC,2009
NIC,2010
NIC,2011
NIC,2012
NIC,2013
NIC,2014
NIC,2015
NIC,2016
NIC,2017
NIC,2018
NIC,2019
NIC,2020
NIC,2021
NIC,2022
NIC,2023
NIC,2024
NLD,1960
NLD,1961
NLD,1962
NLD,1963
NLD,1964
NLD,1965
NLD,1966
NLD,1967
NLD,1968
NLD,1969
NLD,1970
NLD,1971
NLD,1972
NLD,1973
NLD,1974
NLD,1975
NLD,1976
NLD,1977
NLD,1978
NLD,1979
NLD,1980
NLD,1981
NLD,1982
NLD,1983
NLD,1984
NLD,1985
NLD,1986
NLD,1987
NLD,1988
NLD,1989
NLD,1990
NLD,1991
NLD,1992
NLD,1993
NLD,1994
NLD,1995
NLD,1996
NLD,1997
NLD,1998
NLD,1999
NLD,2000
NLD,2001
NLD,2002
NLD,2003
NLD,2004
NLD,2005
NLD,2006
NLD,2007
NLD,2008
NLD,2009
NLD,2010
NLD,2011
NLD,2012
NLD,2013
NLD,2014
NLD,2015
NLD,2016
NLD,2017
NLD,2018
NLD,2019
NLD,2020
NLD,2021
NLD,2022
NLD,2023
NLD,2024
NOR,1960
NOR,1961
NOR,1962
NOR,1963
NOR,1964
NOR,1965
NOR,1966
NOR,1967
NOR,1968
NOR,1969
NOR,1970
NOR,1971
NOR,1972
NOR,1973
NOR,1974
NOR,1975
NOR,1976
NOR,1977
NOR,1978
NOR,1979
NOR,1980
NOR,1981
NOR,1982
NOR,1983
NOR,1984
NOR,1985
NOR,1986
NOR,1987
NOR,1988
NOR,1989
NOR,1990
NOR,1991
NOR,1992
NOR,1993
NOR,1994
NOR,1995
NOR,1996
NOR,1997
NOR,1998
NOR,1999
NOR,2000
NOR,2001
NOR,2002
NOR,2003
NOR,2004
NOR,2005
NOR,2006
NOR,2007
NOR,2008
NOR,2009
NOR,2010
NOR,2011
NOR,2012
NOR,2013
NOR,2014
NOR,2015
NOR,2016
NOR,2017
NOR,2018
NOR,2019
NOR,2020
NOR,2021
NOR,2022
NOR,2023
NOR,2024
NPL,1966
NPL,1967
NPL,1968
NPL,1969
NPL,1970
NPL,1971
NPL,1972
NPL,1973
NPL,1974
NPL,1975
NPL,1976
NPL,1977
NPL,1978
NPL,1979
NPL,1980
NPL,1981
NPL,1982
NPL,1983
NPL,1984
NPL,1985
NPL,1986
NPL,1987
NPL,1988
NPL,1989
NPL,1990
NPL,1991
NPL,1992
NPL,1993
NPL,1994
NPL,1995
NPL,1996
NPL,1997
NPL,1998
NPL,1999
NPL,2000
NPL,2001
NPL,2002
NPL,2003
NPL,2004
NPL,2005
NPL,2006
NPL,2007
NPL,2008
NPL,2009
NPL,2010
NPL,2011
NPL,2012
NPL,2013
NPL,2014
NPL,2015
NPL,2016
NPL,2017
NPL,2018
NPL,2019
NPL,2020
NPL,2021
NPL,2022
NPL,2023
NPL,2024
NZL,1960
NZL,1961
NZL,1962
NZL,1963
NZL,1964
NZL,1965
NZL,1966
NZL,1967
NZL,1968
NZL,1969
NZL,1970
NZL,1971
NZL,1972
NZL,1973
NZL,1974
NZL,1975
NZL,1976
NZL,1977
NZL,1978
NZL,1979
NZL,1980
NZL,1981
NZL,1982
NZL,1983
NZL,1984
NZL,1985
NZL,1986
NZL,1987
NZL,1988
NZL,1989
NZL,1990
NZL,1991
NZL,1992
NZL,1993
NZL,1994
NZL,1995
NZL,1996
NZL,1997
NZL,1998
NZL,1999
NZL,2000
NZL,2001
NZL,2002
NZL,2003
NZL,2004
NZL,2005
NZL,2006
NZL,2007
NZL,2008
NZL,2009
NZL,2010
NZL,2011
NZL,2012
NZL,2013
NZL,2014
NZL,2015
NZL,2016
NZL,2017
NZL,2018
NZL,2019
NZL,2020
NZL,2021
NZL,2022
NZL,2023
NZL,2024
PAK,1960
PAK,1961
PAK,1962
PAK,1963
PAK,1964
PAK,1965
PAK,1966
PAK,1967
PAK,1968
PAK,1969
PAK,1970
PAK,1971
PAK,1972
PAK,1973
PAK,1974
PAK,1975
PAK,1976
PAK,1977
PAK,1978
PAK,1979
PAK,1980
PAK,1981
PAK,1982
PAK,1983
PAK,1984
PAK,1985
PAK,1986
PAK,1987
PAK,1988
PAK,1989
PAK,1990
PAK,1991
PAK,1992
PAK,1993
PAK,1994
PAK,1995
PAK,1996
PAK,1997
PAK,1998
PAK,1999
PAK,2000
PAK,2001
PAK,2002
PAK,2003
PAK,2004
PAK,2005
PAK,2006
PAK,2007
PAK,2008
PAK,2009
PAK,2010
PAK,2011
PAK,2012
PAK,2013
PAK,2014
PAK,2015
PAK,2016
PAK,2017
PAK,2018
PAK,2019
PAK,2020
PAK,2021
PAK,2022
PAK,2023
PAK,2024
PAN,1981
PAN,1982
PAN,1983
PAN,1984
PAN,1985
PAN,1986
PAN,1987
PAN,1988
PAN,1989
PAN,1990
PAN,1991
PAN,1992
PAN,1993
PAN,1994
PAN,1995
PAN,1996
PAN,1997
PAN,1998
PAN,1999
PAN,2000
PAN,2001
PAN,2002
PAN,2003
PAN,2004
PAN,2005
PAN,2006
PAN,2007
PAN,2008
PAN,2009
PAN,2010
PAN,2011
PAN,2012
PAN,2013
PAN,2014
PAN,2015
PAN,2016
PAN,2017
PAN,2018
PAN,2019
PAN,2020
PAN,2021
PAN,2022
PAN,2023
PAN,2024
PER,1960
PER,1961
PER,1962
PER,1963
PER,1964
PER,1965
PER,1966
PER,1967
PER,1968
PER,1969
PER,1970
PER,1971
PER,1972
PER,1973
PER,1974
PER,1975
PER,1976
PER,1977
PER,1978
PER,1979
PER,1980
PER,1981
PER,1982
PER,1983
PER,1984
PER,1985
PER,1986
PER,1987
PER,1988
PER,1989
PER,1990
PER,1991
PER,1992
PER,1993
PER,1994
PER,1995
PER,1996
PER,1997
PER,1998
PER,1999
PER,2000
PER,2001
PER,2002
PER,2003
PER,2004
PER,2005
PER,2006
PER,2007
PER,2008
PER,2009
PER,2010
PER,2011
PER,2012
PER,2013
PER,2014
PER,2015
PER,2016
PER,2017
PER,2018
PER,2019
PER,2020
PER,2021
PER,2022
PER,2023
PER,2024
PHL,1960
PHL,1961
PHL,1962
PHL,1963
PHL,1964
PHL,1965
PHL,1966
PHL,1967
PHL,1968
PHL,1969
PHL,1970
PHL,1971
PHL,1972
PHL,1973
PHL,1974
PHL,1975
PHL,1976
PHL,1977
PHL,1978
PHL,1979
PHL,1980
PHL,1981
PHL,1982
PHL,1983
PHL,1984
PHL,1985
PHL,1986
PHL,1987
PHL,1988
PHL,1989
PHL,1990
PHL,1991
PHL,1992
PHL,1993
PHL,1994
PHL,1995
PHL,1996
PHL,1997
PHL,1998
PHL,1999
PHL,2000
PHL,2001
PHL,2002
PHL,2003
PHL,2004
PHL,2005
PHL,2006
PHL,2007
PHL,2008
PHL,2009
PHL,2010
PHL,2011
PHL,2012
PHL,2013
PHL,2014
PHL,2015
PHL,2016
PHL,2017
PHL,2018
PHL,2019
PHL,2020
PHL,2021
PHL,2022
PHL,2023
PHL,2024
PNG,1972
PNG,1973
PNG,1974
PNG,1975
PNG,1976
PNG,1977
PNG,1978
PNG,1979
PNG,1980
PNG,1981
PNG,1982
PNG,1983
PNG,1984
PNG,1985
PNG,1986
PNG,1987
PNG,1988
PNG,1989
PNG,1990
PNG,1991
PNG,1992
PNG,1993
PNG,1994
PNG,1995
PNG,1996
PNG,1997
PNG,1998
PNG,1999
PNG,2000
PNG,2001
PNG,2002
PNG,2003
PNG,2004
PNG,2005
PNG,2006
PNG,2007
PNG,2008
PNG,2009
PNG,2010
PNG,2011
PNG,2012
PNG,2013
PNG,2014
PNG,2015
PNG,2016
PNG,2017
PNG,2018
PNG,2019
PNG,2020
PNG,2021
PNG,2022
PNG,2023
PNG,2024
POL,1960
POL,1961
POL,1962
POL,1963
POL,1964
POL,1965
POL,1966
POL,1967
POL,1968
POL,1969
POL,1970
POL,1971
POL,1972
POL,1973
POL,1974
POL,1975
POL,1976
POL,1977
POL,1978
POL,1979
POL,1980
POL,1981
POL,1982
POL,1983
POL,1984
POL,1985
POL,1986
POL,1987
POL,1988
POL,1989
POL,1990
POL,1991
POL,1992
POL,1993
POL,1994
POL,1995
POL,1996
POL,1997
POL,1998
POL,1999
POL,2000
POL,2001
POL,2002
POL,2003
POL,2004
POL,2005
POL,2006
POL,2007
POL,2008
POL,2009
POL,2010
POL,2011
POL,2012
POL,2013
POL,2014
POL,2015
POL,2016
POL,2017
POL,2018
POL,2019
POL,2020
POL,2021
POL,2022
POL,2023
POL,2024
PRT,1960
PRT,1961
PRT,1962
PRT,1963
PRT,1964
PRT,1965
PRT,1966
PRT,1967
PRT,1968
PRT,1969
PRT,1970
PRT,1971
PRT,1972
PRT,1973
PRT,1974
PRT,1975
PRT,1976
PRT,1977
PRT,1978
PRT,1979
PRT,1980
PRT,1981
PRT,1982
PRT,1983
PRT,1984
PRT,1985
PRT,1986
PRT,1987
PRT,1988
PRT,1989
PRT,1990
PRT,1991
PRT,1992
PRT,1993
PRT,1994
PRT,1995
PRT,1996
PRT,1997
PRT,1998
PRT,1999
PRT,2000
PRT,2001
PRT,2002
PRT,2003
PRT,2004
PRT,2005
PRT,2006
PRT,2007
PRT,2008
PRT,2009
PRT,2010
PRT,2011
PRT,2012
PRT,2013
PRT,2014
PRT,2015
PRT,2016
PRT,2017
PRT,2018
PRT,2019
PRT,2020
PRT,2021
PRT,2022
PRT,2023
PRT,2024
PRY,1963
PRY,1964
PRY,1965
PRY,1966
PRY,1967
PRY,1968
PRY,1969
PRY,1970
PRY,1971
PRY,1972
PRY,1973
PRY,1974
PRY,1975
PRY,1976
PRY,1977
PRY,1978
PRY,1979
PRY,1980
PRY,1981
PRY,1982
PRY,1983
PRY,1984
PRY,1985
PRY,1986
PRY,1987
PRY,1988
PRY,1989
PRY,1990
PRY,1991
PRY,1992
PRY,1993
PRY,1994
PRY,1995
PRY,1996
PRY,1997
PRY,1998
PRY,1999
PRY,2000
PRY,2001
PRY,2002
PRY,2003
PRY,2004
PRY,2005
PRY,2006
PRY,2007
PRY,2008
PRY,2009
PRY,2010
PRY,2011
PRY,2012
PRY,2013
PRY,2014
PRY,2015
PRY,2016
PRY,2017
PRY,2018
PRY,2019
PRY,2020
PRY,2021
PRY,2022
PRY,2023
PRY,2024
QAT,2014
QAT,2015
QAT,2016
QAT,2017
QAT,2018
QAT,2019
QAT,2020
QAT,2021
QAT,2022
QAT,2023
QAT,2024
ROU,1972
ROU,1973
ROU,1974
ROU,1975
ROU,1976
ROU,1977
ROU,1978
ROU,1979
ROU,1980
ROU,1981
ROU,1982
ROU,1983
ROU,1984
ROU,1985
ROU,1986
ROU,1987
ROU,1988
ROU,1989
ROU,1990
ROU,1991
ROU,1992
ROU,1993
ROU,1994
ROU,1995
ROU,1996
ROU,1997
ROU,1998
ROU,1999
ROU,2000
ROU,2001
ROU,2002
ROU,2003
ROU,2004
ROU,2005
ROU,2006
ROU,2007
ROU,2008
ROU,2009
ROU,2010
ROU,2011
ROU,2012
ROU,2013
ROU,2014
ROU,2015
ROU,2016
ROU,2017
ROU,2018
ROU,2019
ROU,2020
ROU,2021
ROU,2022
ROU,2023
ROU,2024
RUS,1989
RUS,1990
RUS,1991
RUS,1992
RUS,1993
RUS,1994
RUS,1995
RUS,1996
RUS,1997
RUS,1998
RUS,1999
RUS,2000
RUS,2001
RUS,2002
RUS,2003
RUS,2004
RUS,2005
RUS,2006
RUS,2007
RUS,2008
RUS,2009
RUS,2010
RUS,2011
RUS,2012
RUS,2013
RUS,2014
RUS,2015
RUS,2016
RUS,2017
RUS,2018
RUS,2019
RUS,2020
RUS,2021
RUS,2022
RUS,2023
RUS,2024
RWA,1968
RWA,1969
RWA,1970
RWA,1971
RWA,1972
RWA,1973
RWA,1974
RWA,1975
RWA,1976
RWA,1977
RWA,1978
RWA,1979
RWA,1980
RWA,1981
RWA,1982
RWA,1983
RWA,1984
RWA,1985
RWA,1986
RWA,1987
RWA,1988
RWA,1989
RWA,1990
RWA,1991
RWA,1992
RWA,1993
RWA,1994
RWA,1995
RWA,1996
RWA,1997
RWA,1998
RWA,1999
RWA,2000
RWA,2001
RWA,2002
RWA,2003
RWA,2004
RWA,2005
RWA,2006
RWA,2007
RWA,2008
RWA,2009
RWA,2010
RWA,2011
RWA,2012
RWA,2013
RWA,2014
RWA,2015
RWA,2016
RWA,2017
RWA,2018
RWA,2019
RWA,2020
RWA,2021
RWA,2022
RWA,2023
RWA,2024
SAU,1965
SAU,1966
SAU,1967
SAU,1968
SAU,1969
SAU,1970
SAU,1971
SAU,1972
SAU,1973
SAU,1974
SAU,1975
SAU,1976
SAU,1977
SAU,1978
SAU,1979
SAU,1980
SAU,1981
SAU,1982
SAU,1983
SAU,1984
SAU,1985
SAU,1986
SAU,1987
SAU,1988
SAU,1989
SAU,1990
SAU,1991
SAU,1992
SAU,1993
SAU,1994
SAU,1995
SAU,1996
SAU,1997
SAU,1998
SAU,1999
SAU,2000
SAU,2001
SAU,2002
SAU,2003
SAU,2004
SAU,2005
SAU,2006
SAU,2007
SAU,2008
SAU,2009
SAU,2010
SAU,2011
SAU,2012
SAU,2013
SAU,2014
SAU,2015
SAU,2016
SAU,2017
SAU,2018
SAU,2019
SAU,2020
SAU,2021
SAU,2022
SAU,2023
SAU,2024
SDN,1960
SDN,1961
SDN,1962
SDN,1963
SDN,1964
SDN,1965
SDN,1966
SDN,1967
SDN,1968
SDN,1969
SDN,1970
SDN,1971
SDN,1972
SDN,1973
SDN,1974
SDN,1975
SDN,1976
SDN,1977
SDN,1978
SDN,1979
SDN,1980
SDN,1981
SDN,1982
SDN,1983
SDN,1984
SDN,1985
SDN,1986
SDN,1987
SDN,1988
SDN,1989
SDN,1990
SDN,1991
SDN,1992
SDN,1993
SDN,1994
SDN,1995
SDN,1996
SDN,1997
SDN,1998
SDN,1999
SDN,2000
SDN,2001
SDN,2002
SDN,2003
SDN,2004
SDN,2005
SDN,2006
SDN,2007
SDN,2008
SDN,2009
SDN,2010
SDN,2011
SDN,2012
SDN,2013
SDN,2014
SDN,2015
SDN,2016
SDN,2017
SDN,2018
SDN,2019
SDN,2020
SDN,2021
SDN,2022
SDN,2023
SDN,2024
SEN,1961
SEN,1962
SEN,1963
SEN,1964
SEN,1965
SEN,1966
SEN,1967
SEN,1968
SEN,1969
SEN,1970
SEN,1971
SEN,1972
SEN,1973
SEN,1974
SEN,1975
SEN,1976
SEN,1977
SEN,1978
SEN,1979
SEN,1980
SEN,1981
SEN,1982
SEN,1983
SEN,1984
SEN,1985
SEN,1986
SEN,1987
SEN,1988
SEN,1989
SEN,1990
SEN,1991
SEN,1992
SEN,1993
SEN,1994
SEN,1995
SEN,1996
SEN,1997
SEN,1998
SEN,1999
SEN,2000
SEN,2001
SEN,2002
SEN,2003
SEN,2004
SEN,2005
SEN,2006
SEN,2007
SEN,2008
SEN,2009
SEN,2010
SEN,2011
SEN,2012
SEN,2013
SEN,2014
SEN,2015
SEN,2016
SEN,2017
SEN,2018
SEN,2019
SEN,2020
SEN,2021
SEN,2022
SEN,2023
SEN,2024
SGP,1968
SGP,1969
SGP,1970
SGP,1971
SGP,1972
SGP,1973
SGP,1974
SGP,1975
SGP,1976
SGP,1977
SGP,1978
SGP,1979
SGP,1980
SGP,1981
SGP,1982
SGP,1983
SGP,1984
SGP,1985
SGP,1986
SGP,1987
SGP,1988
SGP,1989
SGP,1990
SGP,1991
SGP,1992
SGP,1993
SGP,1994
SGP,1995
SGP,1996
SGP,1997
SGP,1998
SGP,1999
SGP,2000
SGP,2001
SGP,2002
SGP,2003
SGP,2004
SGP,2005
SGP,2006
SGP,2007
SGP,2008
SGP,2009
SGP,2010
SGP,2011
SGP,2012
SGP,2013
SGP,2014
SGP,2015
SGP,2016
SGP,2017
SGP,2018
SGP,2019
SGP,2020
SGP,2021
SGP,2022
SGP,2023
SGP,2024
SLE,1962
SLE,1963
SLE,1964
SLE,1965
SLE,1966
SLE,1967
SLE,1968
SLE,1969
SLE,1970
SLE,1971
SLE,1972
SLE,1973
SLE,1974
SLE,1975
SLE,1976
SLE,1977
SLE,1978
SLE,1979
SLE,1980
SLE,1981
SLE,1982
SLE,1983
SLE,1984
SLE,1985
SLE,1986
SLE,1987
SLE,1988
SLE,1989
SLE,1990
SLE,1991
SLE,1992
SLE,1993
SLE,1994
SLE,1995
SLE,1996
SLE,1997
SLE,1998
SLE,1999
SLE,2000
SLE,2001
SLE,2002
SLE,2003
SLE,2004
SLE,2005
SLE,2006
SLE,2007
SLE,2008
SLE,2009
SLE,2010
SLE,2011
SLE,2012
SLE,2013
SLE,2014
SLE,2015
SLE,2016
SLE,2017
SLE,2018
SLE,2019
SLE,2020
SLE,2021
SLE,2022
SLE,2023
SLE,2024
SLV,1960
SLV,1961
SLV,1962
SLV,1963
SLV,1964
SLV,1965
SLV,1966
SLV,1967
SLV,1968
SLV,1969
SLV,1970
SLV,1971
SLV,1972
SLV,1973
SLV,1974
SLV,1975
SLV,1976
SLV,1977
SLV,1978
SLV,1979
SLV,1980
SLV,1981
SLV,1982
SLV,1983
SLV,1984
SLV,1985
SLV,1986
SLV,1987
SLV,1988
SLV,1989
SLV,1990
SLV,1991
SLV,1992
SLV,1993
SLV,1994
SLV,1995
SLV,1996
SLV,1997
SLV,1998
SLV,1999
SLV,2000
SLV,2001
SLV,2002
SLV,2003
SLV,2004
SLV,2005
SLV,2006
SLV,2007
SLV,2008
SLV,2009
SLV,2010
SLV,2011
SLV,2012
SLV,2013
SLV,2014
SLV,2015
SLV,2016
SLV,2017
SLV,2018
SLV,2019
SLV,2020
SLV,2021
SLV,2022
SLV,2023
SLV,2024
SOM,1962
SOM,1963
SOM,1964
SOM,1965
SOM,1966
SOM,1967
SOM,1968
SOM,1969
SOM,1970
SOM,2014
SOM,2015
SOM,2016
SOM,2017
SOM,2018
SOM,2019
SOM,2020
SOM,2021
SOM,2022
SOM,2023
SOM,2024
SVK,1992
SVK,1993
SVK,1994
SVK,1995
SVK,1996
SVK,1997
SVK,1998
SVK,1999
SVK,2000
SVK,2001
SVK,2002
SVK,2003
SVK,2004
SVK,2005
SVK,2006
SVK,2007
SVK,2008
SVK,2009
SVK,2010
SVK,2011
SVK,2012
SVK,2013
SVK,2014
SVK,2015
SVK,2016
SVK,2017
SVK,2018
SVK,2019
SVK,2020
SVK,2021
SVK,2022
SVK,2023
SVK,2024
SVN,2005
SVN,2006
SVN,2007
SVN,2008
SVN,2009
SVN,2010
SVN,2011
SVN,2012
SVN,2013
SVN,2014
SVN,2015
SVN,2016
SVN,2017
SVN,2018
SVN,2019
SVN,2020
SVN,2021
SVN,2022
SVN,2023
SVN,2024
SWE,1960
SWE,1961
SWE,1962
SWE,1963
SWE,1964
SWE,1965
SWE,1966
SWE,1967
SWE,1968
SWE,1969
SWE,1970
SWE,1971
SWE,1972
SWE,1973
SWE,1974
SWE,1975
SWE,1976
SWE,1977
SWE,1978
SWE,1979
SWE,1980
SWE,1981
SWE,1982
SWE,1983
SWE,1984
SWE,1985
SWE,1986
SWE,1987
SWE,1988
SWE,1989
SWE,1990
SWE,1991
SWE,1992
SWE,1993
SWE,1994
SWE,1995
SWE,1996
SWE,1997
SWE,1998
SWE,1999
SWE,2000
SWE,2001
SWE,2002
SWE,2003
SWE,2004
SWE,2005
SWE,2006
SWE,2007
SWE,2008
SWE,2009
SWE,2010
SWE,2011
SWE,2012
SWE,2013
SWE,2014
SWE,2015
SWE,2016
SWE,2017
SWE,2018
SWE,2019
SWE,2020
SWE,2021
SWE,2022
SWE,2023
SWE,2024
SYR,1961
SYR,1962
SYR,1963
SYR,1964
SYR,1965
SYR,1966
SYR,1967
SYR,1968
SYR,1969
SYR,1970
SYR,1971
SYR,1972
SYR,1973
SYR,1974
SYR,1975
SYR,1976
SYR,1977
SYR,1978
SYR,1979
SYR,1980
SYR,1981
SYR,1982
SYR,1983
SYR,1984
SYR,1985
SYR,1986
SYR,1987
SYR,1988
SYR,1989
SYR,1990
SYR,1991
SYR,1992
SYR,1993
SYR,1994
SYR,1995
SYR,1996
SYR,1997
SYR,1998
SYR,1999
SYR,2000
SYR,2001
SYR,2002
SYR,2003
SYR,2004
SYR,2005
SYR,2006
SYR,2007
SYR,2008
SYR,2009
SYR,2010
SYR,2011
SYR,2012
SYR,2013
SYR,2014
SYR,2015
SYR,2016
SYR,2017
SYR,2018
SYR,2019
SYR,2020
TCD,1961
TCD,1962
TCD,1963
TCD,1964
TCD,1965
TCD,1966
TCD,1967
TCD,1968
TCD,1969
TCD,1970
TCD,1971
TCD,1972
TCD,1973
TCD,1974
TCD,1975
TCD,1976
TCD,1977
TCD,1978
TCD,1979
TCD,1980
TCD,1981
TCD,1982
TCD,1983
TCD,1984
TCD,1985
TCD,1986
TCD,1987
TCD,1988
TCD,1989
TCD,1990
TCD,1991
TCD,1992
TCD,1993
TCD,1994
TCD,1995
TCD,1996
TCD,1997
TCD,1998
TCD,1999
TCD,2000
TCD,2001
TCD,2002
TCD,2003
TCD,2004
TCD,2005
TCD,2006
TCD,2007
TCD,2008
TCD,2009
TCD,2010
TCD,2011
TCD,2012
TCD,2013
TCD,2014
TCD,2015
TCD,2016
TCD,2017
TCD,2018
TCD,2019
TCD,2020
TCD,2021
TCD,2022
TCD,2023
TCD,2024
TGO,1968
TGO,1969
TGO,1970
TGO,1971
TGO,1972
TGO,1973
TGO,1974
TGO,1975
TGO,1976
TGO,1977
TGO,1978
TGO,1979
TGO,1980
TGO,1981
TGO,1982
TGO,1983
TGO,1984
TGO,1985
TGO,1986
TGO,1987
TGO,1988
TGO,1989
TGO,1990
TGO,1991
TGO,1992
TGO,1993
TGO,1994
TGO,1995
TGO,1996
TGO,1997
TGO,1998
TGO,1999
TGO,2000
TGO,2001
TGO,2002
TGO,2003
TGO,2004
TGO,2005
TGO,2006
TGO,2007
TGO,2008
TGO,2009
TGO,2010
TGO,2011
TGO,2012
TGO,2013
TGO,2014
TGO,2015
TGO,2016
TGO,2017
TGO,2018
TGO,2019
TGO,2020
TGO,2021
TGO,2022
TGO,2023
TGO,2024
THA,1960
THA,1961
THA,1962
THA,1963
THA,1964
THA,1965
THA,1966
THA,1967
THA,1968
THA,1969
THA,1970
THA,1971
THA,1972
THA,1973
THA,1974
THA,1975
THA,1976
THA,1977
THA,1978
THA,1979
THA,1980
THA,1981
THA,1982
THA,1983
THA,1984
THA,1985
THA,1986
THA,1987
THA,1988
THA,1989
THA,1990
THA,1991
THA,1992
THA,1993
THA,1994
THA,1995
THA,1996
THA,1997
THA,1998
THA,1999
THA,2000
THA,2001
THA,2002
THA,2003
THA,2004
THA,2005
THA,2006
THA,2007
THA,2008
THA,2009
THA,2010
THA,2011
THA,2012
THA,2013
THA,2014
THA,2015
THA,2016
THA,2017
THA,2018
THA,2019
THA,2020
THA,2021
THA,2022
THA,2023
THA,2024
TJK,1994
TJK,1995
TJK,1996
TJK,1997
TJK,1998
TJK,1999
TJK,2000
TJK,2001
TJK,2002
TJK,2003
TJK,2004
TJK,2005
TJK,2006
TJK,2007
TJK,2008
TJK,2009
TJK,2010
TJK,2011
TJK,2012
TJK,2013
TJK,2014
TJK,2015
TJK,2016
TJK,2017
TJK,2018
TJK,2019
TJK,2020
TJK,2021
TJK,2022
TJK,2023
TJK,2024
TKM,1994
TKM,1995
TKM,1996
TKM,1997
TKM,1998
TKM,1999
TKM,2000
TKM,2001
TKM,2002
TKM,2003
TKM,2004
TKM,2005
TKM,2006
TKM,2007
TKM,2008
TKM,2009
TKM,2010
TKM,2011
TKM,2012
TKM,2013
TKM,2014
TKM,2015
TKM,2016
TKM,2017
TKM,2018
TKM,2019
TKM,2020
TKM,2021
TKM,2022
TKM,2023
TKM,2024
TUN,1961
TUN,1962
TUN,1963
TUN,1964
TUN,1965
TUN,1966
TUN,1967
TUN,1968
TUN,1969
TUN,1970
TUN,1971
TUN,1972
TUN,1973
TUN,1974
TUN,1975
TUN,1976
TUN,1977
TUN,1978
TUN,1979
TUN,1980
TUN,1981
TUN,1982
TUN,1983
TUN,1984
TUN,1985
TUN,1986
TUN,1987
TUN,1988
TUN,1989
TUN,1990
TUN,1991
TUN,1992
TUN,1993
TUN,1994
TUN,1995
TUN,1996
TUN,1997
TUN,1998
TUN,1999
TUN,2000
TUN,2001
TUN,2002
TUN,2003
TUN,2004
TUN,2005
TUN,2006
TUN,2007
TUN,2008
TUN,2009
TUN,2010
TUN,2011
TUN,2012
TUN,2013
TUN,2014
TUN,2015
TUN,2016
TUN,2017
TUN,2018
TUN,2019
TUN,2020
TUN,2021
TUN,2022
TUN,2023
TUN,2024
TUR,1960
TUR,1961
TUR,1962
TUR,1963
TUR,1964
TUR,1965
TUR,1966
TUR,1967
TUR,1968
TUR,1969
TUR,1970
TUR,1971
TUR,1972
TUR,1973
TUR,1974
TUR,1975
TUR,1976
TUR,1977
TUR,1978
TUR,1979
TUR,1980
TUR,1981
TUR,1982
TUR,1983
TUR,1984
TUR,1985
TUR,1986
TUR,1987
TUR,1988
TUR,1989
TUR,1990
TUR,1991
TUR,1992
TUR,1993
TUR,1994
TUR,1995
TUR,1996
TUR,1997
TUR,1998
TUR,1999
TUR,2000
TUR,2001
TUR,2002
TUR,2003
TUR,2004
TUR,2005
TUR,2006
TUR,2007
TUR,2008
TUR,2009
TUR,2010
TUR,2011
TUR,2012
TUR,2013
TUR,2014
TUR,2015
TUR,2016
TUR,2017
TUR,2018
TUR,2019
TUR,2020
TUR,2021
TUR,2022
TUR,2023
TUR,2024
TWN,1960
TWN,1961
TWN,1962
TWN,1963
TWN,1964
TWN,1965
TWN,1966
TWN,1967
TWN,1968
TWN,1969
TWN,1970
TWN,1971
TWN,1972
TWN,1973
TWN,1974
TWN,1975
TWN,1976
TWN,1977
TWN,1978
TWN,1979
TWN,1980
TWN,1981
TWN,1982
TWN,1983
TWN,1984
TWN,1985
TWN,1986
TWN,1987
TWN,1988
TWN,1989
TWN,1990
TWN,1991
TWN,1992
TWN,1993
TWN,1994
TWN,1995
TWN,1996
TWN,1997
TWN,1998
TWN,1999
TWN,2000
TWN,2001
TWN,2002
TWN,2003
TWN,2004
TWN,2005
TWN,2006
TWN,2007
TWN,2008
TWN,2009
TWN,2010
TWN,2011
TWN,2012
TWN,2013
TWN,2014
TWN,2015
TWN,2016
TWN,2017
TWN,2018
TWN,2019
TWN,2020
TWN,2021
TWN,2022
TWN,2023
TWN,2024
TZA,1961
TZA,1962
TZA,1963
TZA,1964
TZA,1965
TZA,1966
TZA,1967
TZA,1968
TZA,1969
TZA,1970
TZA,1971
TZA,1972
TZA,1973
TZA,1974
TZA,1975
TZA,1976
TZA,1977
TZA,1978
TZA,1979
TZA,1980
TZA,1981
TZA,1982
TZA,1983
TZA,1984
TZA,1985
TZA,1986
TZA,1987
TZA,1988
TZA,1989
TZA,1990
TZA,1991
TZA,1992
TZA,1993
TZA,1994
TZA,1995
TZA,1996
TZA,1997
TZA,1998
TZA,1999
TZA,2000
TZA,2001
TZA,2002
TZA,2003
TZA,2004
TZA,2005
TZA,2006
TZA,2007
TZA,2008
TZA,2009
TZA,2010
TZA,2011
TZA,2012
TZA,2013
TZA,2014
TZA,2015
TZA,2016
TZA,2017
TZA,2018
TZA,2019
TZA,2020
TZA,2021
TZA,2022
TZA,2023
TZA,2024
UGA,1960
UGA,1961
UGA,1962
UGA,1963
UGA,1964
UGA,1965
UGA,1966
UGA,1967
UGA,1968
UGA,1969
UGA,1970
UGA,1971
UGA,1972
UGA,1973
UGA,1974
UGA,1975
UGA,1976
UGA,1977
UGA,1978
UGA,1979
UGA,1980
UGA,1981
UGA,1982
UGA,1983
UGA,1984
UGA,1985
UGA,1986
UGA,1987
UGA,1988
UGA,1989
UGA,1990
UGA,1991
UGA,1992
UGA,1993
UGA,1994
UGA,1995
UGA,1996
UGA,1997
UGA,1998
UGA,1999
UGA,2000
UGA,2001
UGA,2002
UGA,2003
UGA,2004
UGA,2005
UGA,2006
UGA,2007
UGA,2008
UGA,2009
UGA,2010
UGA,2011
UGA,2012
UGA,2013
UGA,2014
UGA,2015
UGA,2016
UGA,2017
UGA,2018
UGA,2019
UGA,2020
UGA,2021
UGA,2022
UGA,2023
UGA,2024
UKR,1992
UKR,1993
UKR,1994
UKR,1995
UKR,1996
UKR,1997
UKR,1998
UKR,1999
UKR,2000
UKR,2001
UKR,2002
UKR,2003
UKR,2004
UKR,2005
UKR,2006
UKR,2007
UKR,2008
UKR,2009
UKR,2010
UKR,2011
UKR,2012
UKR,2013
UKR,2014
UKR,2015
UKR,2016
UKR,2017
UKR,2018
UKR,2019
UKR,2020
UKR,2021
UKR,2022
UKR,2023
UKR,2024
URY,1960
URY,1961
URY,1962
URY,1963
URY,1964
URY,1965
URY,1966
URY,1967
URY,1968
URY,1969
URY,1970
URY,1971
URY,1972
URY,1973
URY,1974
URY,1975
URY,1976
URY,1977
URY,1978
URY,1979
URY,1980
URY,1981
URY,1982
URY,1983
URY,1984
URY,1985
URY,1986
URY,1987
URY,1988
URY,1989
URY,1990
URY,1991
URY,1992
URY,1993
URY,1994
URY,1995
URY,1996
URY,1997
URY,1998
URY,1999
URY,2000
URY,2001
URY,2002
URY,2003
URY,2004
URY,2005
URY,2006
URY,2007
URY,2008
URY,2009
URY,2010
URY,2011
URY,2012
URY,2013
URY,2014
URY,2015
URY,2016
URY,2017
URY,2018
URY,2019
URY,2020
URY,2021
URY,2022
URY,2023
URY,2024
USA,1960
USA,1961
USA,1962
USA,1963
USA,1964
USA,1965
USA,1966
USA,1967
USA,1968
USA,1969
USA,1970
USA,1971
USA,1972
USA,1973
USA,1974
USA,1975
USA,1976
USA,1977
USA,1978
USA,1979
USA,1980
USA,1981
USA,1982
USA,1983
USA,1984
USA,1985
USA,1986
USA,1987
USA,1988
USA,1989
USA,1990
USA,1991
USA,1992
USA,1993
USA,1994
USA,1995
USA,1996
USA,1997
USA,1998
USA,1999
USA,2000
USA,2001
USA,2002
USA,2003
USA,2004
USA,2005
USA,2006
USA,2007
USA,2008
USA,2009
USA,2010
USA,2011
USA,2012
USA,2013
USA,2014
USA,2015
USA,2016
USA,2017
USA,2018
USA,2019
USA,2020
USA,2021
USA,2022
USA,2023
USA,2024
UZB,1993
UZB,1994
UZB,1995
UZB,1996
UZB,1997
UZB,1998
UZB,1999
UZB,2000
UZB,2001
UZB,2002
UZB,2003
UZB,2004
UZB,2005
UZB,2006
UZB,2007
UZB,2008
UZB,2009
UZB,2010
UZB,2011
UZB,2012
UZB,2013
UZB,2014
UZB,2015
UZB,2016
UZB,2017
UZB,2018
UZB,2019
UZB,2020
UZB,2021
UZB,2022
UZB,2023
UZB,2024
VEN,1960
VEN,1961
VEN,1962
VEN,1963
VEN,1964
VEN,1965
VEN,1966
VEN,1967
VEN,1968
VEN,1969
VEN,1970
VEN,1971
VEN,1972
VEN,1973
VEN,1974
VEN,1975
VEN,1976
VEN,1977
VEN,1978
VEN,1979
VEN,1980
VEN,1981
VEN,1982
VEN,1983
VEN,1984
VEN,1985
VEN,1986
VEN,1987
VEN,1988
VEN,1989
VEN,1990
VEN,1991
VEN,1992
VEN,1993
VEN,1994
VEN,1995
VEN,1996
VEN,1997
VEN,1998
VEN,1999
VEN,2000
VEN,2001
VEN,2002
VEN,2003
VEN,2004
VEN,2005
VEN,2006
VEN,2007
VEN,2008
VEN,2009
VEN,2010
VEN,2011
VEN,2012
VEN,2013
VEN,2014
VEN,2015
VEN,2016
VEN,2017
VEN,2018
VEN,2019
VEN,2020
VEN,2021
VEN,2022
VEN,2023
VEN,2024
VNM,1971
VNM,1972
VNM,1973
VNM,1974
VNM,1975
VNM,1976
VNM,1977
VNM,1978
VNM,1979
VNM,1980
VNM,1981
VNM,1982
VNM,1983
VNM,1984
VNM,1985
VNM,1986
VNM,1987
VNM,1988
VNM,1989
VNM,1990
VNM,1991
VNM,1992
VNM,1993
VNM,1994
VNM,1995
VNM,1996
VNM,1997
VNM,1998
VNM,1999
VNM,2000
VNM,2001
VNM,2002
VNM,2003
VNM,2004
VNM,2005
VNM,2006
VNM,2007
VNM,2008
VNM,2009
VNM,2010
VNM,2011
VNM,2012
VNM,2013
VNM,2014
VNM,2015
VNM,2016
VNM,2017
VNM,2018
VNM,2019
VNM,2020
VNM,2021
VNM,2022
VNM,2023
VNM,2024
YEM,1981
YEM,1982
YEM,1983
YEM,1984
YEM,1985
YEM,1986
YEM,1987
YEM,1988
YEM,1989
YEM,1990
YEM,1991
YEM,1992
YEM,1993
YEM,1994
YEM,1995
YEM,1996
YEM,1997
YEM,1998
YEM,1999
YEM,2000
YEM,2001
YEM,2002
YEM,2003
YEM,2004
YEM,2005
YEM,2006
YEM,2007
YEM,2008
YEM,2009
YEM,2010
YEM,2011
YEM,2012
YEM,2013
YEM,2014
YEM,2015
YEM,2016
YEM,2017
YEM,2018
YEM,2019
YEM,2020
YEM,2021
YEM,2022
YEM,2023
YEM,2024
ZAF,1960
ZAF,1961
ZAF,1962
ZAF,1963
ZAF,1964
ZAF,1965
ZAF,1966
ZAF,1967
ZAF,1968
ZAF,1969
ZAF,1970
ZAF,1971
ZAF,1972
ZAF,1973
ZAF,1974
ZAF,1975
ZAF,1976
ZAF,1977
ZAF,1978
ZAF,1979
ZAF,1980
ZAF,1981
ZAF,1982
ZAF,1983
ZAF,1984
ZAF,1985
ZAF,1986
ZAF,1987
ZAF,1988
ZAF,1989
ZAF,1990
ZAF,1991
ZAF,1992
ZAF,1993
ZAF,1994
ZAF,1995
ZAF,1996
ZAF,1997
ZAF,1998
ZAF,1999
ZAF,2000
ZAF,2001
ZAF,2002
ZAF,2003
ZAF,2004
ZAF,2005
ZAF,2006
ZAF,2007
ZAF,2008
ZAF,2009
ZAF,2010
ZAF,2011
ZAF,2012
ZAF,2013
ZAF,2014
ZAF,2015
ZAF,2016
ZAF,2017
ZAF,2018
ZAF,2019
ZAF,2020
ZAF,2021
ZAF,2022
ZAF,2023
ZAF,2024
ZMB,1960
ZMB,1961
ZMB,1962
ZMB,1963
ZMB,1964
ZMB,1965
ZMB,1966
ZMB,1967
ZMB,1968
ZMB,1969
ZMB,1970
ZMB,1971
ZMB,1972
ZMB,1973
ZMB,1974
ZMB,1975
ZMB,1976
ZMB,1977
ZMB,1978
ZMB,1979
ZMB,1980
ZMB,1981
ZMB,1982
ZMB,1983
ZMB,1984
ZMB,1985
ZMB,1986
ZMB,1987
ZMB,1988
ZMB,1989
ZMB,1990
ZMB,1991
ZMB,1992
ZMB,1993
ZMB,1994
ZMB,1995
ZMB,1996
ZMB,1997
ZMB,1998
ZMB,1999
ZMB,2000
ZMB,2001
ZMB,2002
ZMB,2003
ZMB,2004
ZMB,2005
ZMB,2006
ZMB,2007
ZMB,2008
ZMB,2009
ZMB,2010
ZMB,2011
ZMB,2012
ZMB,2013
ZMB,2014
ZMB,2015
ZMB,2016
ZMB,2017
ZMB,2018
ZMB,2019
ZMB,2020
ZMB,2021
ZMB,2022
ZMB,2023
ZMB,2024
