country_name,year,ohf_share,modern_share,soft
Algeria,1974,0.23809523809523808,0.7619047619047619,1.79031140726193
Algeria,1975,0.23809523809523808,0.7619047619047619,1.79031140726193
Algeria,1976,0.14563106796116504,0.8543689320388349,1.79031140726193
Algeria,1977,0.10526315789473684,0.8947368421052632,1.79031140726193
Algeria,1978,0.14218009478672985,0.8578199052132701,1.79031140726193
Algeria,1979,0.06666666666666667,0.9333333333333333,1.79031140726193
Algeria,1980,0.07731958762886598,0.9226804123711341,1.79031140726193
Algeria,1981,0.05385996409335727,0.9461400359066428,1.79031140726193
Algeria,1982,0.03456221198156682,0.9654377880184332,1.79031140726193
Algeria,1983,0.033707865168539325,0.9662921348314607,1.79031140726193
Algeria,1984,0.04,0.96,1.79031140726193
Algeria,1985,0.021216407355021217,0.9787835926449788,1.79031140726193
Algeria,1986,0.020689655172413793,0.9793103448275862,1.79031140726193
Algeria,1987,0.02217873450750163,0.9778212654924984,1.79031140726193
Algeria,1988,0.026931254429482635,0.9730687455705174,1.79031140726193
Algeria,1989,0.028846153846153848,0.9711538461538461,1.79031140726193
Algeria,1990,0.02857142857142857,0.9714285714285714,1.79031140726193
Algeria,1992,0.0,1.0,1.79031140726193
Algeria,1993,0.0,1.0,1.79031140726193
Algeria,1994,0.0,1.0,1.79031140726193
Algeria,1995,0.0,1.0,1.79031140726193
Algeria,1996,0.0,1.0,1.79031140726193
Algeria,1997,0.0,1.0,1.79031140726193
Algeria,1998,0.0,1.0,1.79031140726193
Algeria,1999,0.0,1.0,1.79031140726193
Algeria,2000,0.0,1.0,1.79031140726193
Algeria,2001,0.0,1.0,1.79031140726193
Argentina,1970,0.7471264367816092,0.25287356321839083,-0.0904025412020405
Argentina,1971,0.7345374931581828,0.2654625068418172,-0.0904025412020405
Argentina,1972,0.6441658630665381,0.3558341369334619,-0.0904025412020405
Argentina,1973,0.5296331138287864,0.4703668861712135,0.0465842107346371
Argentina,1974,0.4189307624890447,0.5810692375109553,0.0465842107346371
Argentina,1975,0.4455861746847268,0.5544138253152733,0.0465842107346371
Argentina,1976,0.4583861427967892,0.5416138572032109,-0.0946833772000616
Argentina,1977,0.49266409266409267,0.5073359073359074,-0.0946833772000616
Argentina,1978,0.3570903747244673,0.6429096252755327,-0.0946833772000616
Argentina,1979,0.25337186897880537,0.7466281310211946,-0.0946833772000616
Argentina,1980,0.1716937354988399,0.8283062645011601,-0.0946833772000616
Argentina,1981,0.1333605220228385,0.8666394779771615,-0.0946833772000616
Argentina,1982,0.22233893557422968,0.7776610644257703,-0.0946833772000616
Argentina,1983,0.231914157147802,0.7680858428521979,-0.0946833772000616
Argentina,1984,0.22748267898383373,0.7725173210161663,-0.0946833772000616
Argentina,1985,0.14892893573614416,0.8510710642638558,-0.0946833772000616
Argentina,1986,0.1054095826893354,0.8945904173106646,-0.0946833772000616
Argentina,1987,0.10459675199559593,0.8954032480044041,-0.0946833772000616
Argentina,1988,0.11704764527678325,0.8829523547232168,-0.0946833772000616
Argentina,1989,0.05291548933984074,0.9470845106601593,-0.1745923158297903
Argentina,1990,0.007967032967032966,0.9920329670329671,-0.6148049509596347
Argentina,1992,0.0,1.0,-1.258357295995485
Argentina,1993,0.0,1.0,-1.258357295995485
Argentina,1994,0.0,1.0,-1.258357295995485
Argentina,1995,0.0,1.0,-1.258357295995485
Argentina,1996,0.0,1.0,-1.258357295995485
Argentina,1997,0.0,1.0,-1.258357295995485
Argentina,1998,0.0,1.0,-1.258357295995485
Argentina,1999,0.0,1.0,-1.258357295995485
Argentina,2000,0.0,1.0,-1.258357295995485
Argentina,2001,0.0,1.0,-1.231245334674684
Australia,1968,0.5450000056014185,0.4549999943985815,-0.5941142436358657
Australia,1969,0.5329996968123768,0.46700030318762314,-0.5941142436358657
Australia,1970,0.503000016399767,0.49699998360023295,-0.6718827642665838
Australia,1974,0.27415210688591984,0.7258478931140802,-0.6718827642665838
Australia,1975,0.27753752225896716,0.7224624777410328,-0.6718827642665838
Australia,1976,0.2660066855232708,0.7339933144767292,-0.6718827642665838
Australia,1977,0.23753066230580538,0.7624693376941946,-0.6718827642665838
Australia,1978,0.2205107951553449,0.7794892048446551,-0.6718827642665838
Australia,1979,0.22979300147856085,0.7702069985214391,-0.6718827642665838
Australia,1980,0.21867058980874682,0.7813294101912531,-0.6718827642665838
Australia,1981,0.2154551407989522,0.7845448592010478,-0.6718827642665838
Australia,1982,0.12651075184429447,0.8734892481557055,-0.6718827642665838
Australia,1983,0.0,1.0,-0.8045886802052402
Australia,1984,0.0,1.0,-0.8045886802052402
Australia,1985,0.0,1.0,-0.8045886802052402
Australia,1986,0.0,1.0,-0.8045886802052402
Australia,1987,0.0,1.0,-1.0728544027479006
Australia,1988,0.0,1.0,-1.0728544027479006
Australia,1989,0.0,1.0,-1.0728544027479006
Australia,1990,0.0,1.0,-1.0728544027479006
Australia,1992,0.0,1.0,-1.3268506719638236
Australia,1993,0.0,1.0,-1.3268506719638236
Australia,1994,0.0,1.0,-1.3268506719638236
Australia,1995,0.0,1.0,-1.3268506719638236
Australia,1996,0.0,1.0,-1.3268506719638236
Australia,1997,0.0,1.0,-1.3268506719638236
Australia,1998,0.0,1.0,-1.3268506719638236
Australia,1999,0.0,1.0,-1.3268506719638236
Australia,2000,0.0,1.0,-1.3268506719638236
Australia,2001,0.0,1.0,-1.3268506719638236
Austria,1960,0.3129939930445779,0.687006006955422,0.4839429551991341
Austria,1961,0.27779568159845314,0.7222043184015469,0.4839429551991341
Austria,1962,0.2741663859885483,0.7258336140114516,0.4839429551991341
Austria,1963,0.2539844014920312,0.7460155985079688,0.4839429551991341
Austria,1964,0.2579837194740138,0.7420162805259862,0.4839429551991341
Austria,1965,0.2607885749767153,0.7392114250232847,0.4839429551991341
Austria,1966,0.2621359223300971,0.7378640776699029,0.4839429551991341
Austria,1967,0.19980152166721799,0.800198478332782,0.4839429551991341
Austria,1968,0.17796365734064032,0.8220363426593597,0.4839429551991341
Austria,1969,0.18441161487519103,0.8155883851248089,0.4839429551991341
Austria,1970,0.1625398381956362,0.8374601618043638,0.4839429551991341
Austria,1971,0.16414141414141414,0.8358585858585859,0.4839429551991341
Austria,1972,0.1538083538083538,0.8461916461916462,0.4839429551991341
Austria,1973,0.15974516281264747,0.8402548371873525,0.4839429551991341
Austria,1974,0.14829787234042552,0.8517021276595744,0.4839429551991341
Austria,1975,0.07351856405212688,0.9264814359478731,0.4839429551991341
Austria,1976,0.06231851686397141,0.9376814831360286,0.4839429551991341
Austria,1977,0.03763440860215054,0.9623655913978495,0.4839429551991341
Austria,1978,0.043137254901960784,0.9568627450980393,0.4839429551991341
Austria,1979,0.03294691885295912,0.9670530811470409,0.4839429551991341
Austria,1980,0.030060553633217992,0.969939446366782,0.4839429551991341
Austria,1981,0.026847079037800686,0.9731529209621993,0.4839429551991341
Austria,1982,0.022780648191639268,0.9772193518083607,0.4839429551991341
Austria,1983,0.0,1.0,0.4839429551991341
Austria,1984,0.0,1.0,0.4839429551991341
Austria,1985,0.0,1.0,0.4839429551991341
Austria,1986,0.0,1.0,0.0344551754069104
Austria,1987,0.0,1.0,0.0344551754069104
Austria,1988,0.0,1.0,0.0344551754069104
Austria,1989,0.0,1.0,0.0344551754069104
Austria,1990,0.0,1.0,0.0344551754069104
Austria,1992,0.0,1.0,-0.1888617691565275
Austria,1993,0.0,1.0,-0.1888617691565275
Austria,1994,0.0,1.0,-0.1888617691565275
Austria,1995,0.0,1.0,-0.3244215757605315
Austria,1996,0.0,1.0,-0.5463115749912959
Austria,1997,0.0,1.0,-0.5463115749912959
Austria,1998,0.0,1.0,-0.6319282949517194
Austria,1999,0.0,1.0,-0.6319282949517194
Austria,2000,0.0,1.0,-0.7831845002151344
Austria,2001,0.0,1.0,-0.7831845002151344
Azerbaijan,1992,1.0,0.0,0.2456430846426218
Azerbaijan,1993,1.0,0.0,0.2456430846426218
Azerbaijan,1994,0.925,0.075,0.4468423765496171
Azerbaijan,1995,0.95,0.05,0.4468423765496171
Azerbaijan,1996,0.9,0.1,0.4468423765496171
Azerbaijan,1997,0.88,0.12,0.3640795472545411
Azerbaijan,1998,0.8888888888888888,0.1111111111111111,0.3640795472545411
Bangladesh,1971,1.0,0.0,0.2171041779891473
Bangladesh,1972,1.0,0.0,0.2171041779891473
Bangladesh,1973,1.0,0.0,0.2171041779891473
Bangladesh,1974,1.0,0.0,0.2171041779891473
Bangladesh,1975,1.0,0.0,0.2171041779891473
Bangladesh,1976,1.0,0.0,0.2171041779891473
Bangladesh,1977,1.0,0.0,0.1008081333762387
Bangladesh,1978,1.0,0.0,0.1008081333762387
Bangladesh,1979,1.0,0.0,0.1008081333762387
Bangladesh,1980,1.0,0.0,0.1008081333762387
Bangladesh,1981,1.0,0.0,0.1008081333762387
Bangladesh,1982,1.0,0.0,0.1008081333762387
Bangladesh,1983,1.0,0.0,0.1008081333762387
Bangladesh,1984,1.0,0.0,0.1008081333762387
Bangladesh,1985,1.0,0.0,0.1008081333762387
Bangladesh,1986,1.0,0.0,0.1008081333762387
Bangladesh,1987,1.0,0.0,0.1008081333762387
Bangladesh,1988,1.0,0.0,0.1008081333762387
Bangladesh,1989,1.0,0.0,0.1008081333762387
Bangladesh,1990,1.0,0.0,0.1008081333762387
Bangladesh,1992,1.0,0.0,-0.2609225084565507
Bangladesh,1993,1.0,0.0,-0.2609225084565507
Bangladesh,1994,1.0,0.0,-0.2609225084565507
Bangladesh,1995,1.0,0.0,-0.2609225084565507
Bangladesh,1996,1.0,0.0,-0.2609225084565507
Bangladesh,1997,1.0,0.0,-0.2609225084565507
Bangladesh,1998,1.0,0.0,-0.2609225084565507
Belgium,1960,0.08510934670566932,0.06142916840785625,-0.7510782302299757
Belgium,1961,0.077,0.06585714285714285,-0.7510782302299757
Belgium,1962,0.06904534931227019,0.059376276726133735,-0.7510782302299757
Belgium,1963,0.06741573033707865,0.03925815622038717,-0.7510782302299757
Belgium,1964,0.05123796423658872,0.1203576341127923,-0.7510782302299757
Belgium,1965,0.04223968565815324,0.20301244269810084,-0.7510782302299757
Belgium,1966,0.028055212658511953,0.2687689372685445,-0.7510782302299757
Belgium,1967,0.022242817423540315,0.31263515600865,-0.7510782302299757
Belgium,1968,0.016597510373443983,0.4187413554633472,-0.7510782302299757
Belgium,1969,0.021508728179551122,0.48324501246882795,-0.7510782302299757
Belgium,1970,0.022211645248294463,0.5617166428684753,-0.7510782302299757
Belgium,1971,0.019045323047251688,0.6347637415621986,-0.7510782302299757
Belgium,1972,0.0224748810153358,0.9775251189846642,-0.7510782302299757
Belgium,1973,0.02037325038880249,0.9796267496111976,-0.7510782302299757
Belgium,1974,0.016798846431146357,0.9832011535688536,-0.7510782302299757
Belgium,1975,0.012518168520790525,0.9159698240246931,-0.7510782302299757
Belgium,1976,0.009397805004319693,0.9707523969244664,-0.7510782302299757
Belgium,1977,0.0030853314527503526,0.9969146685472496,-0.7510782302299757
Belgium,1978,0.0,1.0,-0.7510782302299757
Belgium,1979,0.0,1.0,-0.7510782302299757
Belgium,1980,0.0,1.0,-1.0022206087805512
Belgium,1981,0.0,1.0,-1.0022206087805512
Belgium,1982,0.0,1.0,-1.0022206087805512
Belgium,1983,0.0,1.0,-1.0022206087805512
Belgium,1984,0.0,1.0,-1.0022206087805512
Belgium,1985,0.0,1.0,-1.0022206087805512
Belgium,1986,0.0,1.0,-1.0022206087805512
Belgium,1987,0.0,1.0,-0.9187443068191384
Belgium,1988,0.0,1.0,-0.9187443068191384
Belgium,1989,0.0,1.0,-0.9187443068191384
Belgium,1990,0.0,1.0,-0.9187443068191384
Belgium,1992,0.0,1.0,-0.9187443068191384
Belgium,1993,0.0,1.0,-0.9187443068191384
Belgium,1994,0.0,1.0,-0.9187443068191384
Belgium,1995,0.0,1.0,-0.9187443068191384
Belgium,1996,0.0,1.0,-0.9187443068191384
Belgium,1997,0.0,1.0,-0.9187443068191384
Belgium,1998,0.0,1.0,-0.9187443068191384
Belgium,1999,0.0,1.0,-0.9187443068191384
Belgium,2000,0.0,1.0,-0.9187443068191384
Belgium,2001,0.0,1.0,-0.9187443068191384
Bosnia and Herzegovina,1992,0.35,0.65,1.7211045586272544
Bosnia and Herzegovina,1996,0.8076923076923077,0.19230769230769232,0.4118822158991109
Bosnia and Herzegovina,1997,0.8055555555555556,0.19444444444444445,0.7778936937299216
Bosnia and Herzegovina,1998,0.7466666666666667,0.25333333333333335,0.4040340165694054
Bosnia and Herzegovina,1999,0.6666666666666666,0.3333333333333333,0.4040340165694054
Bosnia and Herzegovina,2000,0.6883116883116883,0.3116883116883117,0.0808308987188065
Bosnia and Herzegovina,2001,0.7058823529411765,0.29411764705882354,-0.1667441165000848
Brazil,1970,0.42448749294715066,0.5755125070528494,0.067988390724743
Brazil,1971,0.41012658227848103,0.589873417721519,0.067988390724743
Brazil,1972,0.3839105451157012,0.6160894548842988,0.067988390724743
Brazil,1973,0.35910364145658263,0.6408963585434174,0.067988390724743
Brazil,1974,0.3338229403124583,0.6661770596875417,0.067988390724743
Brazil,1975,0.31629084770288196,0.683709152297118,0.067988390724743
Brazil,1976,0.27169398907103826,0.7283060109289617,0.067988390724743
Brazil,1977,0.1954961421137628,0.8045038578862372,0.067988390724743
Brazil,1978,0.13296948647978168,0.8670305135202183,0.067988390724743
Brazil,1979,0.11797347938887287,0.8820265206111271,0.067988390724743
Brazil,1980,0.09040506163981475,0.9095949383601852,0.067988390724743
Brazil,1981,0.07346043274322893,0.9265395672567711,0.067988390724743
Brazil,1982,0.07431079624210689,0.9256892037578931,0.067988390724743
Brazil,1983,0.05514504652435687,0.9448549534756431,0.067988390724743
Brazil,1984,0.043892091808985095,0.9561079081910149,0.067988390724743
Brazil,1985,0.03678896823442502,0.963211031765575,0.067988390724743
Brazil,1986,0.024488633667125434,0.9755113663328746,0.067988390724743
Brazil,1987,0.016606924089114752,0.9833930759108852,0.067988390724743
Brazil,1988,0.00808080808080808,0.9919191919191919,0.067988390724743
Brazil,1989,4.098360655737705e-05,0.9999590163934426,0.067988390724743
Brazil,1990,0.0,1.0,-0.0597232165495554
Brazil,1992,0.0,1.0,-0.5941142436358657
Brazil,1993,0.0,1.0,-0.5941142436358657
Brazil,1994,0.0,1.0,-0.7382357222359119
Brazil,1995,0.0,1.0,-0.628360931620035
Brazil,1996,0.0,1.0,-0.628360931620035
Brazil,1997,0.0,1.0,-0.628360931620035
Brazil,1998,0.0,1.0,-0.628360931620035
Brazil,1999,0.0,1.0,-0.628360931620035
Brazil,2000,0.0,1.0,-0.628360931620035
Brazil,2001,0.0,1.0,-0.628360931620035
Bulgaria,1970,0.2612562534741523,0.7387437465258477,2.8890593134206988
Bulgaria,1971,0.2561601642710472,0.7438398357289527,2.8890593134206988
Bulgaria,1972,0.24150943396226415,0.7584905660377359,2.8890593134206988
Bulgaria,1973,0.21915367483296214,0.7808463251670379,2.8890593134206988
Bulgaria,1974,0.23354661791590495,0.7664533820840951,2.8890593134206988
Bulgaria,1975,0.22781456953642384,0.7721854304635761,2.8890593134206988
Bulgaria,1976,0.19959349593495934,0.8004065040650407,2.8890593134206988
Bulgaria,1977,0.18810351487060642,0.8118964851293936,2.8890593134206988
Bulgaria,1978,0.20080971659919028,0.7991902834008097,2.8890593134206988
Bulgaria,1979,0.19379532634971797,0.806204673650282,2.8890593134206988
Bulgaria,1980,0.18082618862042088,0.8191738113795791,2.8890593134206988
Bulgaria,1981,0.1703584373741442,0.8296415626258559,2.8890593134206988
Bulgaria,1982,0.15274555297757153,0.8472544470224285,2.8890593134206988
Bulgaria,1983,0.13467656415694593,0.865323435843054,2.8890593134206988
Bulgaria,1984,0.11292564280750521,0.8870743571924948,2.8890593134206988
Bulgaria,1985,0.10692464358452139,0.8930753564154786,2.8890593134206988
Bulgaria,1986,0.10869565217391304,0.8913043478260869,2.8890593134206988
Bulgaria,1987,0.10410509031198686,0.8958949096880131,2.8890593134206988
Bulgaria,1988,0.11006944444444444,0.8899305555555556,2.8890593134206988
Bulgaria,1989,0.1,0.9,2.8890593134206988
Bulgaria,1990,0.1,0.9,0.3576582932575093
Bulgaria,1992,0.0,1.0,0.3576582932575093
Bulgaria,1993,0.0,1.0,0.135768294026745
Bulgaria,1994,0.0,1.0,0.135768294026745
Bulgaria,1995,0.0,1.0,0.135768294026745
Bulgaria,1996,0.0,1.0,0.135768294026745
Bulgaria,1997,0.0,1.0,-0.2566416724585296
Bulgaria,1998,0.0,1.0,-0.4307290030447241
Bulgaria,1999,0.0,1.0,-0.4307290030447241
Bulgaria,2000,0.0,1.0,-0.5998220249665606
Bulgaria,2001,0.0,1.0,-0.5998220249665606
Canada,1968,0.5499999939931938,0.4500000060068062,-0.6255070409546876
Canada,1969,0.5120000142045452,0.4879999857954547,-0.6255070409546876
Canada,1970,0.650835202625716,0.3491647973742839,-0.6255070409546876
Canada,1971,0.8581037501151755,0.14189624988482447,-0.6255070409546876
Canada,1972,0.39504299443601415,0.6049570055639858,-0.6255070409546876
Canada,1973,0.3151329548849716,0.6848670451150284,-0.6255070409546876
Canada,1974,0.25148602040067514,0.7485139795993249,-0.6255070409546876
Canada,1975,0.236468330134357,0.763531669865643,-0.6255070409546876
Canada,1976,0.228836784409257,0.771163215590743,-0.6255070409546876
Canada,1977,0.2112676056338028,0.7887323943661971,-0.6255070409546876
Canada,1978,0.20330223504933218,0.7966977649506678,-0.6255070409546876
Canada,1979,0.20524479880403637,0.7947552011959637,-0.6255070409546876
Canada,1980,0.20445255015407837,0.7955474498459216,-0.6255070409546876
Canada,1981,0.13496725406792248,0.8650327459320775,-0.6255070409546876
Canada,1982,0.13872978436657682,0.8612702156334232,-0.6255070409546876
Canada,1983,0.07176809787267202,0.928231902127328,-0.6255070409546876
Canada,1984,0.0,1.0,-0.6255070409546876
Canada,1985,0.0,1.0,-0.6255070409546876
Canada,1986,0.0,1.0,-0.6255070409546876
Canada,1987,0.0,1.0,-0.6255070409546876
Canada,1988,0.0,1.0,-0.6255070409546876
Canada,1989,0.0,1.0,-0.6255070409546876
Canada,1990,0.0,1.0,-0.6255070409546876
Canada,1992,0.0,1.0,-0.6255070409546876
Canada,1993,0.0,1.0,-0.6255070409546876
Canada,1994,0.0,1.0,-0.6255070409546876
Canada,1995,0.0,1.0,-0.6255070409546876
Canada,1996,0.0,1.0,-0.6255070409546876
Canada,1997,0.0,1.0,-0.6255070409546876
Canada,1998,0.0,1.0,-0.6255070409546876
Canada,1999,0.0,1.0,-0.6255070409546876
Canada,2000,0.0,1.0,-0.6255070409546876
Canada,2001,0.0,1.0,-0.6255070409546876
Chile,1970,0.9239864864864865,0.07601351351351351,0.3234116052733399
Chile,1971,0.9327217125382263,0.0672782874617737,0.3234116052733399
Chile,1972,0.9207606973058637,0.07923930269413629,0.3234116052733399
Chile,1973,0.9253187613843351,0.07468123861566485,-0.0368920912267758
Chile,1974,0.9385826771653544,0.06141732283464567,-0.7853249182141447
Chile,1975,0.9366053169734151,0.06339468302658487,-0.7853249182141447
Chile,1976,0.625,0.375,-0.7853249182141447
Chile,1977,0.1897810218978102,0.8102189781021898,-0.7853249182141447
Chile,1978,0.01340033500837521,0.9865996649916248,-0.7853249182141447
Chile,1979,0.0,1.0,-0.7853249182141447
Chile,1980,0.0,1.0,-0.7853249182141447
Chile,1981,0.0,1.0,-0.7853249182141447
Chile,1982,0.0,1.0,-0.7853249182141447
Chile,1983,0.0,1.0,-0.7853249182141447
Chile,1984,0.0,1.0,-0.7853249182141447
Chile,1985,0.0,1.0,-0.7853249182141447
Chile,1986,0.0,1.0,-0.7853249182141447
Chile,1987,0.0,1.0,-0.7853249182141447
Chile,1988,0.0,1.0,-0.7853249182141447
Chile,1989,0.0,1.0,-0.7853249182141447
Chile,1990,0.0,1.0,-0.7853249182141447
Chile,1992,0.0,1.0,-1.0436020234280892
Chile,1993,0.0,1.0,-1.0436020234280892
Chile,1994,0.0,1.0,-1.0436020234280892
Chile,1995,0.0,1.0,-1.0436020234280892
Chile,1996,0.0,1.0,-1.0436020234280892
Chile,1997,0.0,1.0,-1.0436020234280892
Chile,1998,0.0,1.0,-1.0436020234280892
Chile,1999,0.0,1.0,-1.0436020234280892
Chile,2000,0.0,1.0,-1.0436020234280892
Chile,2001,0.0,1.0,-1.0436020234280892
China,1970,0.5207500422321076,0.4792499577678923,3.0381751006851028
China,1971,0.4757181138639462,0.5242818861360538,3.0381751006851028
China,1972,0.4487163002014487,0.5512836997985513,3.0381751006851028
China,1973,0.41490545050055616,0.5850945494994438,3.0381751006851028
China,1974,0.39526722625314176,0.6047327737468583,3.0381751006851028
China,1975,0.3727207947352978,0.6272792052647022,3.0381751006851028
China,1976,0.3877820745019335,0.6122179254980665,3.0381751006851028
China,1977,0.3714876381739938,0.6285123618260062,3.0381751006851028
China,1978,0.35528306644811497,0.644716933551885,2.874789860093961
China,1979,0.3293475737172046,0.6706524262827954,1.088254303586457
China,1980,0.3205283730961046,0.6794716269038954,1.088254303586457
China,1981,0.3144109712230216,0.6855890287769785,0.7607703497378369
China,1982,0.3137254901960784,0.6862745098039216,0.7607703497378369
China,1983,0.2978611632270169,0.7021388367729832,0.7607703497378369
China,1984,0.27963252901086755,0.7203674709891325,0.7607703497378369
China,1985,0.2631016042780749,0.7368983957219252,0.7607703497378369
China,1986,0.23697027804410356,0.7630297219558965,0.7607703497378369
China,1987,0.22732609855897526,0.7726739014410248,0.7607703497378369
China,1988,0.2197661488694949,0.7802338511305051,0.7607703497378369
China,1989,0.2134959349593496,0.7865040650406504,0.7607703497378369
China,1990,0.19857224787950134,0.8014277521204987,0.7607703497378369
China,1992,0.19968317849038833,0.8003168215096117,0.7607703497378369
China,1993,0.18898976948638113,0.8110102305136189,0.5995255271457058
China,1994,0.17873136736142478,0.8212686326385752,0.4967854631931976
China,1995,0.16759103892610572,0.8324089610738943,0.4967854631931976
China,1996,0.15046296296296297,0.8495370370370371,0.4967854631931976
China,1997,0.10505330675218862,0.8949466932478114,0.4967854631931976
China,1998,0.057908190435616146,0.9420918095643839,0.4967854631931976
China,1999,0.018449030644152594,0.9815509693558474,0.4967854631931976
China,2000,0.01764705882352941,0.9823529411764705,0.2563451746376748
China,2001,0.014162077104642014,0.985837922895358,0.2563451746376748
Colombia,1970,0.6483870967741936,0.35161290322580646,-0.5684292276477386
Colombia,1971,0.6276923076923077,0.3723076923076923,-0.5684292276477386
Colombia,1972,0.6256684491978609,0.37433155080213903,-0.5684292276477386
Colombia,1973,0.6104972375690608,0.38950276243093923,-0.5684292276477386
Colombia,1974,0.6126126126126126,0.38738738738738737,-0.5684292276477386
Colombia,1975,0.5846153846153846,0.4153846153846154,-0.5684292276477386
Colombia,1976,0.6179775280898876,0.38202247191011235,-0.5684292276477386
Colombia,1977,0.5393939393939394,0.46060606060606063,-0.5684292276477386
Colombia,1978,0.5948717948717949,0.40512820512820513,-0.5684292276477386
Colombia,1979,0.5633802816901409,0.43661971830985913,-0.5684292276477386
Colombia,1980,0.5428571428571428,0.45714285714285713,-0.5684292276477386
Colombia,1981,0.4665012406947891,0.533498759305211,-0.5684292276477386
Colombia,1982,0.23459715639810427,0.7654028436018957,-0.5684292276477386
Colombia,1983,0.06625258799171843,0.9337474120082816,-0.5684292276477386
Colombia,1984,0.055226824457593686,0.9447731755424064,-0.5684292276477386
Colombia,1985,0.02071563088512241,0.9792843691148776,-0.5684292276477386
Colombia,1986,0.028481012658227847,0.9715189873417721,-0.5684292276477386
Colombia,1987,0.014492753623188406,0.9855072463768116,-0.5684292276477386
Colombia,1988,0.014044943820224719,0.9859550561797753,-0.5684292276477386
Colombia,1989,0.005625879043600563,0.9943741209563994,-0.5684292276477386
Colombia,1990,0.0,1.0,-0.5684292276477386
Colombia,1992,0.0,1.0,-1.0107822807765936
Colombia,1993,0.0,1.0,-1.0107822807765936
Colombia,1994,0.0,1.0,-1.0107822807765936
Colombia,1995,0.0,1.0,-1.0107822807765936
Colombia,1996,0.0,1.0,-1.0107822807765936
Colombia,1997,0.0,1.0,-1.0107822807765936
Colombia,1998,0.0,1.0,-1.0107822807765936
Colombia,1999,0.0,1.0,-1.0107822807765936
Colombia,2000,0.0,1.0,-1.0107822807765936
Colombia,2001,0.0,1.0,-1.0107822807765936
Cuba,1970,1.0,0.0,2.6036702468859536
Cuba,1971,1.0,0.0,2.6036702468859536
Cuba,1972,1.0,0.0,3.0702813706702616
Cuba,1973,1.0,0.0,3.0702813706702616
Cuba,1974,1.0,0.0,3.0702813706702616
Cuba,1975,1.0,0.0,3.0702813706702616
Cuba,1976,1.0,0.0,3.0702813706702616
Cuba,1977,1.0,0.0,3.0702813706702616
Cuba,1978,1.0,0.0,3.0702813706702616
Cuba,1979,1.0,0.0,3.0702813706702616
Cuba,1980,1.0,0.0,3.0702813706702616
Cuba,1981,1.0,0.0,3.0702813706702616
Cuba,1982,1.0,0.0,3.0702813706702616
Cuba,1983,1.0,0.0,3.0702813706702616
Cuba,1984,1.0,0.0,3.0702813706702616
Cuba,1985,1.0,0.0,3.0702813706702616
Cuba,1986,1.0,0.0,3.0702813706702616
Cuba,1987,1.0,0.0,3.0702813706702616
Cuba,1988,1.0,0.0,3.0702813706702616
Cuba,1989,1.0,0.0,3.0702813706702616
Cuba,1990,1.0,0.0,3.0702813706702616
Cuba,1992,0.9029850746268657,0.09701492537313433,3.0702813706702616
Cuba,1993,0.14444444444444443,0.8555555555555555,3.0702813706702616
Cuba,1994,0.0,1.0,2.2076929170689947
Cuba,1995,0.0,1.0,2.2076929170689947
Cuba,1996,0.0,1.0,2.2076929170689947
Cuba,1997,0.0,1.0,2.2076929170689947
Cuba,1998,0.0,1.0,2.2076929170689947
Cuba,1999,0.0,1.0,2.2076929170689947
Cuba,2000,0.0,1.0,2.2076929170689947
Cuba,2001,0.0,1.0,2.2076929170689947
Czechia,1970,0.7062019013128112,0.29379809868718876,2.5794121762305005
Czechia,1971,0.6975350907223553,0.30246490927764463,2.5794121762305005
Czechia,1972,0.6859770856866225,0.3140229143133774,2.5794121762305005
Czechia,1973,0.6779832193909261,0.32201678060907396,2.5794121762305005
Czechia,1974,0.6699426699426699,0.33005733005733007,2.5794121762305005
Czechia,1975,0.6485780819984476,0.3514219180015525,2.5794121762305005
Czechia,1976,0.6333197223356472,0.3666802776643528,2.5794121762305005
Czechia,1977,0.6262612851832182,0.3737387148167817,2.5794121762305005
Czechia,1978,0.6240355695043808,0.3759644304956192,2.5794121762305005
Czechia,1979,0.6388176542043461,0.36118234579565395,2.5794121762305005
Czechia,1980,0.6128078817733991,0.387192118226601,2.5794121762305005
Czechia,1981,0.6015717092337918,0.3984282907662082,2.5794121762305005
Czechia,1982,0.5977854855923159,0.4022145144076841,2.5794121762305005
Czechia,1983,0.592957465219996,0.407042534780004,2.5794121762305005
Czechia,1984,0.522993931220499,0.477006068779501,2.5794121762305005
Czechia,1985,0.4528163862472568,0.5471836137527433,2.5794121762305005
Czechia,1986,0.4308781682218252,0.5691218317781749,2.5794121762305005
Czechia,1987,0.41122283490107037,0.5887771650989296,2.5794121762305005
Czechia,1988,0.40542297938747646,0.5945770206125236,2.5794121762305005
Czechia,1989,0.4010605276771857,0.5989394723228143,2.5794121762305005
Czechia,1990,0.3910062512603347,0.6089937487396653,0.6601707037843392
Czechia,1992,0.12517156189953335,0.8748284381004666,-0.2716245984516037
Czechia,1993,0.10651499482936919,0.8934850051706308,-0.2716245984516037
Czechia,1994,0.06691134952004517,0.9330886504799548,-0.2716245984516037
Czechia,1995,0.045657015590200446,0.9543429844097996,-0.952277522136971
Czechia,1996,0.008449838684897834,0.9915501613151022,-0.952277522136971
Czechia,1997,0.009480077025625833,0.9905199229743742,-0.952277522136971
Czechia,1998,0.014006464522087116,0.9859935354779129,-0.952277522136971
Czechia,1999,0.01103988603988604,0.988960113960114,-1.0949720554043434
Czechia,2000,0.005791505791505791,0.9942084942084942,-1.0949720554043434
Czechia,2001,0.004591513616212793,0.9954084863837872,-1.0949720554043434
Denmark,1960,0.9400630914826499,0.05993690851735016,-0.4400041477071033
Denmark,1961,0.9318885448916409,0.06811145510835913,-0.4400041477071033
Denmark,1962,0.9373297002724795,0.06267029972752043,-0.4400041477071033
Denmark,1963,0.947075208913649,0.052924791086350974,-0.4400041477071033
Denmark,1964,0.946969696969697,0.05303030303030303,-0.4400041477071033
Denmark,1965,0.941747572815534,0.05825242718446602,-0.4400041477071033
Denmark,1966,0.9481481481481482,0.05185185185185185,-0.4400041477071033
Denmark,1967,0.9625935162094763,0.03740648379052369,-0.4400041477071033
Denmark,1968,0.9606126914660832,0.03938730853391685,-0.4400041477071033
Denmark,1969,0.9606625258799172,0.039337474120082816,-0.4400041477071033
Denmark,1970,0.959830866807611,0.040169133192389,-0.4400041477071033
Denmark,1971,0.961864406779661,0.038135593220338986,-0.4400041477071033
Denmark,1972,0.9718875502008032,0.028112449799196786,-0.4400041477071033
Denmark,1973,0.9623893805309734,0.03761061946902655,-0.4400041477071033
Denmark,1974,0.9607476635514018,0.03925233644859813,-0.4400041477071033
Denmark,1975,0.8264758497316637,0.1735241502683363,-0.4400041477071033
Denmark,1976,0.53601108033241,0.46398891966759004,-0.4400041477071033
Denmark,1977,0.4650145772594752,0.5349854227405247,-0.4400041477071033
Denmark,1978,0.4166666666666667,0.5833333333333334,-0.4400041477071033
Denmark,1979,0.38681592039800994,0.6131840796019901,-0.4400041477071033
Denmark,1980,0.23841961852861035,0.7615803814713896,-0.4400041477071033
Denmark,1981,0.0,1.0,-0.4400041477071033
Denmark,1982,0.0,1.0,-0.4400041477071033
Denmark,1983,0.0,1.0,-0.4400041477071033
Denmark,1984,0.0,1.0,-0.4400041477071033
Denmark,1985,0.0,1.0,-0.4400041477071033
Denmark,1986,0.0,1.0,-0.4400041477071033
Denmark,1987,0.0,1.0,-0.4400041477071033
Denmark,1988,0.0,1.0,-0.4400041477071033
Denmark,1989,0.0,1.0,-0.4400041477071033
Denmark,1990,0.0,1.0,-0.4400041477071033
Denmark,1992,0.0,1.0,-0.4400041477071033
Denmark,1993,0.0,1.0,-0.4400041477071033
Denmark,1994,0.0,1.0,-0.4400041477071033
Denmark,1995,0.0,1.0,-0.4400041477071033
Denmark,1996,0.0,1.0,-0.4400041477071033
Denmark,1997,0.0,1.0,-0.4400041477071033
Denmark,1998,0.0,1.0,-0.4400041477071033
Denmark,1999,0.0,1.0,-0.4400041477071033
Denmark,2000,0.0,1.0,-0.4400041477071033
Denmark,2001,0.0,1.0,-0.4400041477071033
Egypt,1974,0.2564102564102564,0.7435897435897436,0.2099694513257787
Egypt,1975,0.1669449081803005,0.8330550918196995,0.2099694513257787
Egypt,1976,0.16387959866220736,0.8361204013377926,0.2099694513257787
Egypt,1977,0.1906779661016949,0.809322033898305,0.2099694513257787
Egypt,1978,0.18810511756569848,0.8118948824343015,0.2099694513257787
Egypt,1979,0.1811111111111111,0.8188888888888889,0.2099694513257787
Egypt,1980,0.05434782608695652,0.9456521739130435,0.2099694513257787
Egypt,1981,0.04926108374384237,0.9507389162561576,0.2099694513257787
Egypt,1982,0.09590316573556797,0.904096834264432,0.2099694513257787
Egypt,1983,0.12972420837589377,0.8702757916241062,0.2099694513257787
Egypt,1984,0.03184713375796178,0.9681528662420382,0.2099694513257787
Egypt,1985,0.13326848249027237,0.8667315175097277,0.2099694513257787
Egypt,1986,0.1362290227048371,0.8637709772951628,0.2099694513257787
Egypt,1987,0.09490579204466155,0.9050942079553385,0.2099694513257787
Egypt,1988,0.0691358024691358,0.9308641975308642,0.2099694513257787
Egypt,1989,0.06054872280037843,0.9394512771996215,0.2099694513257787
Egypt,1990,0.05592841163310962,0.9440715883668904,-0.0119205479049856
Egypt,1992,0.05824088748019018,0.9417591125198098,-0.202417749816928
Egypt,1993,0.050505050505050504,0.9494949494949495,-0.202417749816928
Egypt,1994,0.050743990843189625,0.9492560091568104,-0.202417749816928
Egypt,1995,0.03898561695685087,0.9610143830431491,-0.202417749816928
Egypt,1996,0.028647822765469823,0.9713521772345302,-0.202417749816928
Egypt,1997,0.001104158998895841,0.9988958410011042,-0.202417749816928
Egypt,1998,0.0,1.0,-0.202417749816928
Egypt,1999,0.0,1.0,-0.202417749816928
Egypt,2000,0.0,1.0,-0.202417749816928
Egypt,2001,0.0,1.0,-0.202417749816928
Finland,1960,0.28205128205128205,0.7142857142857143,-0.4928011250160312
Finland,1961,0.2651006711409396,0.7315436241610739,-0.4928011250160312
Finland,1962,0.28700906344410876,0.7069486404833837,-0.4928011250160312
Finland,1963,0.2852760736196319,0.6687116564417178,-0.4928011250160312
Finland,1964,0.31805929919137466,0.6576819407008087,-0.4928011250160312
Finland,1965,0.3370165745856354,0.6629834254143646,-0.4928011250160312
Finland,1966,0.3433583959899749,0.656641604010025,-0.4928011250160312
Finland,1967,0.3309002433090024,0.6690997566909975,-0.4928011250160312
Finland,1968,0.2232876712328767,0.7767123287671233,-0.4928011250160312
Finland,1969,0.16155419222903886,0.8384458077709611,-0.4928011250160312
Finland,1970,0.1343028229255774,0.8656971770744226,-0.4928011250160312
Finland,1971,0.10829268292682927,0.8917073170731707,-0.4928011250160312
Finland,1972,0.08928571428571429,0.9107142857142857,-0.4928011250160312
Finland,1973,0.08173374613003095,0.9182662538699691,-0.4928011250160312
Finland,1974,0.08454106280193237,0.9154589371980676,-0.4928011250160312
Finland,1975,0.08590852904820766,0.9140914709517923,-0.4928011250160312
Finland,1976,0.08941605839416059,0.9105839416058394,-0.4928011250160312
Finland,1977,0.056466302367941715,0.9435336976320583,-0.4928011250160312
Finland,1978,0.009429918559794257,0.9905700814402058,-0.4928011250160312
Finland,1979,0.0,1.0,-0.4928011250160312
Finland,1980,0.0,1.0,-0.4928011250160312
Finland,1981,0.0,1.0,-0.4928011250160312
Finland,1982,0.0,1.0,-0.4928011250160312
Finland,1983,0.0,1.0,-0.4928011250160312
Finland,1984,0.0,1.0,-0.4928011250160312
Finland,1985,0.0,1.0,-0.4928011250160312
Finland,1986,0.0,1.0,-0.4928011250160312
Finland,1987,0.0,1.0,-0.4928011250160312
Finland,1988,0.0,1.0,-0.4928011250160312
Finland,1989,0.0,1.0,-0.4928011250160312
Finland,1990,0.0,1.0,-0.4928011250160312
Finland,1992,0.0,1.0,-0.4928011250160312
Finland,1993,0.0,1.0,-0.4928011250160312
Finland,1994,0.0,1.0,-0.4928011250160312
Finland,1995,0.0,1.0,-0.4928011250160312
Finland,1996,0.0,1.0,-0.4928011250160312
Finland,1997,0.0,1.0,-0.4928011250160312
Finland,1998,0.0,1.0,-0.4928011250160312
Finland,1999,0.0,1.0,-0.4928011250160312
Finland,2000,0.0,1.0,-0.4928011250160312
Finland,2001,0.0,1.0,-0.4928011250160312
France,1960,0.2968921812604896,0.09126685572081718,0.1314874580287238
France,1961,0.2881857500569087,0.11324834964716594,0.1314874580287238
France,1962,0.2858137107064146,0.12660944206008584,0.1314874580287238
France,1963,0.2719867851446799,0.16336295283663704,0.1314874580287238
France,1964,0.2619312436804853,0.19721941354903944,0.1314874580287238
France,1965,0.2435727402570904,0.22148541114058357,0.1314874580287238
France,1966,0.229421977124183,0.24131944444444445,0.1314874580287238
France,1967,0.21807725583999185,0.26418647259402517,0.1314874580287238
France,1968,0.19956850053937433,0.28258311268020003,0.1314874580287238
France,1969,0.19838308457711443,0.3251599147121535,0.1314874580287238
France,1970,0.18668237075674085,0.39973919993269674,-0.1653171711674111
France,1971,0.1653615643728947,0.4763987925981014,-0.1653171711674111
France,1972,0.1924787947090575,0.8075212052909425,-0.1653171711674111
France,1973,0.1713522852206691,0.828647714779331,-0.1653171711674111
France,1974,0.13408153916628493,0.865918460833715,-0.1653171711674111
France,1975,0.07148314967453946,0.7764148344038893,-0.1653171711674111
France,1976,0.05648093336847781,0.8255601061031241,-0.1653171711674111
France,1977,0.03140077409887714,0.8796288894182571,-0.1653171711674111
France,1978,0.020775877918735062,0.979224122081265,-0.1653171711674111
France,1979,0.01704671241974762,0.9829532875802524,-0.1653171711674111
France,1980,0.008715913013462202,0.977865032792544,-0.1653171711674111
France,1981,0.00343400131715119,0.9965659986828488,-0.1653171711674111
France,1982,0.001847625258124117,0.9981523747418759,0.4047474892357422
France,1983,0.0,1.0,0.4047474892357422
France,1984,0.0,1.0,0.4047474892357422
France,1985,0.0,1.0,0.4047474892357422
France,1986,0.0,1.0,0.276322409295107
France,1987,0.0,1.0,-0.9651200301310344
France,1988,0.0,1.0,-0.9651200301310344
France,1989,0.0,1.0,-0.9651200301310344
France,1990,0.0,1.0,-0.9651200301310344
France,1992,0.0,1.0,-0.9651200301310344
France,1993,0.0,1.0,-1.0229113161043202
France,1994,0.0,1.0,-1.0229113161043202
France,1995,0.0,1.0,-1.0229113161043202
France,1996,0.0,1.0,-1.0229113161043202
France,1997,0.0,1.0,-1.0229113161043202
France,1998,0.0,1.0,-1.0229113161043202
France,1999,0.0,1.0,-1.0229113161043202
France,2000,0.0,1.0,-1.0229113161043202
France,2001,0.0,1.0,-1.0229113161043202
Georgia,1992,0.996219281663516,0.003780718336483932,0.4125956885654478
Georgia,1993,0.9953703703703703,0.004629629629629629,0.4125956885654478
Georgia,1994,0.9929577464788732,0.007042253521126761,0.2506373933069799
Georgia,1995,1.0,0.0,0.2506373933069799
Georgia,1996,0.9879518072289156,0.012048192771084338,0.2506373933069799
Georgia,1997,0.9903846153846154,0.009615384615384616,0.177149708674283
Georgia,1998,1.0,0.0,0.0629940820603849
Georgia,1999,1.0,0.0,-0.0283304192307334
Germany,1960,0.47175953079178884,0.08903225806451613,-0.8466835675191152
Germany,1961,0.4619821866220336,0.10658138561778947,-0.8466835675191152
Germany,1962,0.4621195835764518,0.13057764947947056,-0.8466835675191152
Germany,1963,0.44361806500617146,0.1614077285818274,-0.8466835675191152
Germany,1964,0.4508958461662069,0.2202522831355955,-0.8466835675191152
Germany,1965,0.42923874962657177,0.2762553977349882,-0.8466835675191152
Germany,1966,0.38971004643787516,0.33251217578434705,-0.8466835675191152
Germany,1967,0.3701012410189419,0.39924885695623774,-0.8466835675191152
Germany,1968,0.3533527696793003,0.4602040816326531,-0.8466835675191152
Germany,1969,0.29823903257127726,0.5513284491128961,-0.8466835675191152
Germany,1970,0.26241119005328595,0.6565719360568384,-0.8466835675191152
Germany,1971,0.2117679160568551,0.7178329571106095,-0.8466835675191152
Germany,1972,0.20300202246643437,0.7969979775335656,-0.8466835675191152
Germany,1973,0.18917674632737622,0.8108232536726238,-0.8466835675191152
Germany,1974,0.17981335192069392,0.8201866480793061,-0.8466835675191152
Germany,1975,0.1747159573726747,0.8106218400726185,-0.8466835675191152
Germany,1976,0.1432251609097168,0.8427766243182928,-0.8466835675191152
Germany,1977,0.12612721704807556,0.8738727829519245,-0.8466835675191152
Germany,1978,0.10964051099313989,0.8903594890068601,-0.8466835675191152
Germany,1979,0.09943527367506516,0.9005647263249349,-0.8466835675191152
Germany,1980,0.0670422920753684,0.9329577079246316,-0.8466835675191152
Germany,1981,0.03943763518385004,0.96056236481615,-0.8466835675191152
Germany,1982,0.014771872125756013,0.985228127874244,-0.8466835675191152
Germany,1983,0.0,1.0,-0.8466835675191152
Germany,1984,0.0,1.0,-0.8466835675191152
Germany,1985,0.0,1.0,-0.8466835675191152
Germany,1986,0.0,1.0,-0.8466835675191152
Germany,1987,0.0,1.0,-0.8466835675191152
Germany,1988,0.0,1.0,-0.8466835675191152
Germany,1989,0.0,1.0,-0.8466835675191152
Germany,1990,0.0,1.0,-0.8466835675191152
Germany,1992,0.013044244667724308,0.9869557553322756,-1.1620384860400084
Germany,1993,0.015016212193695849,0.9849837878063041,-1.1620384860400084
Germany,1994,0.0,1.0,-1.1620384860400084
Germany,1995,0.0,1.0,-1.3646647232796776
Germany,1996,0.0,1.0,-1.3646647232796776
Germany,1997,0.0,1.0,-1.3646647232796776
Germany,1998,0.0,1.0,-1.3646647232796776
Germany,1999,0.0,1.0,-1.3646647232796776
Germany,2000,0.0,1.0,-1.7463725997698991
Germany,2001,0.0,1.0,-1.7463725997698991
Hungary,1970,0.9067524115755627,0.0932475884244373,2.072133110464991
Hungary,1971,0.9064308681672025,0.09356913183279743,2.072133110464991
Hungary,1972,0.9095630919645585,0.0904369080354415,2.072133110464991
Hungary,1973,0.9066626650660264,0.09333733493397359,2.072133110464991
Hungary,1974,0.9053664166185805,0.0946335833814195,2.072133110464991
Hungary,1975,0.9084967320261438,0.0915032679738562,2.072133110464991
Hungary,1976,0.907447973713034,0.09255202628696604,2.072133110464991
Hungary,1977,0.7727639000805802,0.22723609991941982,1.806721278587678
Hungary,1978,0.9115295331441836,0.08847046685581635,1.806721278587678
Hungary,1979,0.9129767084719734,0.08702329152802663,1.806721278587678
Hungary,1980,0.9081009296148739,0.09189907038512617,1.806721278587678
Hungary,1981,0.7723532638507954,0.2276467361492046,1.806721278587678
Hungary,1982,0.5822306238185255,0.41776937618147447,1.806721278587678
Hungary,1983,0.5590268178048107,0.4409731821951894,1.806721278587678
Hungary,1984,0.5363902959210877,0.4636097040789123,1.806721278587678
Hungary,1985,0.5137061403508771,0.4862938596491228,1.806721278587678
Hungary,1986,0.4882907133243607,0.5117092866756393,1.806721278587678
Hungary,1987,0.42545554942020986,0.5745444505797902,1.806721278587678
Hungary,1988,0.42155220547180344,0.5784477945281965,1.4442771640885517
Hungary,1989,0.42576946288473144,0.5742305371152685,1.3208463928122742
Hungary,1990,0.41207257501744593,0.5879274249825541,-0.0868351778703562
Hungary,1992,0.09020116807268008,0.9097988319273199,-0.3979092603932284
Hungary,1993,0.0,1.0,-0.9629796121320238
Hungary,1994,0.0,1.0,-0.9629796121320238
Hungary,1995,0.0,1.0,-1.1270783253895025
Hungary,1996,0.0,1.0,-1.1270783253895025
Hungary,1997,0.0,1.0,-1.3247102539648132
Hungary,1998,0.0,1.0,-1.3247102539648132
Hungary,1999,0.0,1.0,-1.3247102539648132
Hungary,2000,0.0,1.0,-1.3247102539648132
Hungary,2001,0.0,1.0,-1.3247102539648132
India,1974,0.7075965483095205,0.29240345169047954,-0.0832678145386719
India,1975,0.7119259166562383,0.2880740833437617,-0.0832678145386719
India,1976,0.653139683895771,0.34686031610422896,-0.0832678145386719
India,1977,0.6392246977720052,0.3607753022279948,-0.0832678145386719
India,1978,0.5988118811881188,0.4011881188118812,-0.0832678145386719
India,1979,0.5702504274363874,0.42974957256361257,-0.0832678145386719
India,1980,0.5888829502939604,0.4111170497060396,-0.0832678145386719
India,1981,0.5547906450396077,0.4452093549603923,-0.0832678145386719
India,1982,0.5310395048243218,0.4689604951756781,-0.0832678145386719
India,1983,0.5103239064487719,0.4896760935512281,-0.0832678145386719
India,1984,0.4606123803204095,0.5393876196795905,-0.0832678145386719
India,1985,0.41320375335120646,0.5867962466487936,-0.0832678145386719
India,1986,0.38214314995490695,0.617856850045093,-0.0832678145386719
India,1987,0.3510403170490054,0.6489596829509946,-0.0832678145386719
India,1988,0.34069466769166257,0.6593053323083374,-0.0832678145386719
India,1989,0.31688116100766706,0.6831188389923329,-0.0832678145386719
India,1990,0.312504176969859,0.687495823030141,-0.0832678145386719
India,1992,0.26291675866637226,0.7370832413336277,-0.3094386497674574
India,1993,0.2583351733274454,0.7416648266725546,-0.3094386497674574
India,1994,0.2560228452751817,0.7439771547248183,-0.3094386497674574
India,1995,0.1867927100849884,0.8132072899150116,-0.3094386497674574
India,1996,0.15155980297225613,0.8484401970277439,-0.3094386497674574
India,1997,0.14400983002252712,0.8559901699774729,-0.3094386497674574
India,1998,0.14331345826235092,0.856686541737649,-0.3094386497674574
India,1999,0.11934156378600823,0.8806584362139918,-0.3094386497674574
India,2000,0.09293680297397769,0.9070631970260223,-0.3094386497674574
India,2001,0.07326007326007326,0.9267399267399268,-0.3094386497674574
Italy,1960,0.5591201847126017,0.38631668489488397,-0.0575827985505448
Italy,1961,0.5464109589041096,0.3843287671232877,-0.0575827985505448
Italy,1962,0.528851081274982,0.40586245772266066,-0.0575827985505448
Italy,1963,0.5185586295165896,0.4169538249483115,-0.0575827985505448
Italy,1964,0.498927805575411,0.4552231185540692,-0.0575827985505448
Italy,1965,0.4058039586783377,0.5941960413216624,-0.0575827985505448
Italy,1966,0.3633763567028454,0.6366236432971546,-0.0575827985505448
Italy,1967,0.3536224586139611,0.6463775413860389,-0.0575827985505448
Italy,1968,0.334001532928483,0.665998467071517,-0.0575827985505448
Italy,1969,0.31685338528981977,0.6831466147101802,-0.0575827985505448
Italy,1970,0.28022232515053264,0.7197776748494673,-0.0575827985505448
Italy,1971,0.22920845990714736,0.7707915400928527,-0.0575827985505448
Italy,1972,0.2013226311272654,0.7986773688727347,-0.0575827985505448
Italy,1973,0.17285244651960552,0.8271475534803945,-0.0575827985505448
Italy,1974,0.1475520067241017,0.8524479932758983,-0.0575827985505448
Italy,1975,0.11251603445116365,0.8874839655488364,-0.0575827985505448
Italy,1976,0.0834506591578139,0.9165493408421861,-0.0575827985505448
Italy,1977,0.06782422293676313,0.9321757770632368,-0.0575827985505448
Italy,1978,0.06220647606492544,0.9377935239350745,-0.0575827985505448
Italy,1979,0.04690207078623876,0.9530979292137612,-0.0575827985505448
Italy,1980,0.017174996225275557,0.9828250037747245,-0.0575827985505448
Italy,1981,0.0004037141703673799,0.9995962858296327,-0.2480800004624872
Italy,1982,0.0,1.0,-0.2480800004624872
Italy,1983,0.0,1.0,-0.2480800004624872
Italy,1984,0.0,1.0,-0.2480800004624872
Italy,1985,0.0,1.0,-0.2480800004624872
Italy,1986,0.0,1.0,-0.3401179744199425
Italy,1987,0.0,1.0,-0.3401179744199425
Italy,1988,0.0,1.0,-0.3401179744199425
Italy,1989,0.0,1.0,-0.3401179744199425
Italy,1990,0.0,1.0,-0.3401179744199425
Italy,1992,0.0,1.0,-0.3401179744199425
Italy,1993,0.0,1.0,-0.9280194514815177
Italy,1994,0.0,1.0,-1.2169758813479472
Italy,1995,0.0,1.0,-1.5558753978579567
Italy,1996,0.0,1.0,-1.5558753978579567
Italy,1997,0.0,1.0,-1.5558753978579567
Italy,1998,0.0,1.0,-1.5558753978579567
Italy,1999,0.0,1.0,-1.5558753978579567
Italy,2000,0.0,1.0,-1.5558753978579567
Italy,2001,0.0,1.0,-1.5558753978579567
Japan,1960,0.6796006866022224,0.32039931339777755,-0.9993667181152038
Japan,1961,0.6003608320362247,0.3996391679637753,-0.9993667181152038
Japan,1962,0.48224787627967763,0.5177521237203224,-0.9993667181152038
Japan,1963,0.3870988222596108,0.6129011777403892,-0.9993667181152038
Japan,1964,0.3480740722128697,0.6519259277871303,-0.9993667181152038
Japan,1965,0.24698136585602876,0.7530186341439712,-0.9993667181152038
Japan,1966,0.18070902394106814,0.8192909760589319,-0.9993667181152038
Japan,1967,0.14547736267979536,0.8545226373202046,-0.9993667181152038
Japan,1968,0.08111461587909048,0.9188853841209095,-0.9993667181152038
Japan,1969,0.06377333690334201,0.936226663096658,-0.9993667181152038
Japan,1970,0.041308587471335804,0.9586914125286642,-0.9993667181152038
Japan,1971,0.023600618810483642,0.9763993811895163,-0.9993667181152038
Japan,1972,0.019607640788020762,0.9803923592119792,-0.9993667181152038
Japan,1973,0.015495885084058263,0.9845041149159417,-0.9993667181152038
Japan,1974,0.013258659108178023,0.986741340891822,-0.9993667181152038
Japan,1975,0.010780643710965371,0.9892193562890347,-0.9993667181152038
Japan,1976,0.004534492872373113,0.9954655071276269,-0.9993667181152038
Japan,1977,0.003691226014354768,0.9963087739856452,-0.9993667181152038
Japan,1978,0.0,1.0,-0.9993667181152038
Japan,1979,0.0,1.0,-0.9993667181152038
Japan,1980,0.0,1.0,-0.9993667181152038
Japan,1981,0.0,1.0,-0.9993667181152038
Japan,1982,0.0,1.0,-0.9993667181152038
Japan,1983,0.0,1.0,-0.9993667181152038
Japan,1984,0.0,1.0,-0.9993667181152038
Japan,1985,0.0,1.0,-0.9993667181152038
Japan,1986,0.0,1.0,-0.9993667181152038
Japan,1987,0.0,1.0,-1.3539626332846246
Japan,1988,0.0,1.0,-1.6907217317956238
Japan,1989,0.0,1.0,-1.6907217317956238
Japan,1990,0.0,1.0,-1.6907217317956238
Japan,1992,0.0,1.0,-1.6907217317956238
Japan,1993,0.0,1.0,-1.6907217317956238
Japan,1994,0.0,1.0,-1.6907217317956238
Japan,1995,0.0,1.0,-1.6907217317956238
Japan,1996,0.0,1.0,-1.6907217317956238
Japan,1997,0.0,1.0,-1.6907217317956238
Japan,1998,0.0,1.0,-1.6907217317956238
Japan,1999,0.0,1.0,-1.6907217317956238
Japan,2000,0.0,1.0,-1.6907217317956238
Japan,2001,0.0,1.0,-1.6907217317956238
Kazakhstan,1992,0.24669603524229075,0.7533039647577092,0.1607398373485352
Kazakhstan,1993,0.2336448598130841,0.7663551401869159,0.0815443713851434
Kazakhstan,1994,0.24764150943396226,0.7523584905660378,0.0037758507544253
Kazakhstan,1995,0.12388503468780972,0.8761149653121902,-0.2273892931387181
Kazakhstan,1996,0.1865671641791045,0.8134328358208955,-0.3208542124288472
Kazakhstan,1997,0.15283505154639176,0.8471649484536082,-0.4278751123793766
Kazakhstan,1998,0.06033376123234917,0.9396662387676509,-0.4278751123793766
Kazakhstan,1999,0.0,1.0,-0.4278751123793766
Kazakhstan,2000,0.0,1.0,-0.2009908044842542
Kazakhstan,2001,0.0,1.0,-0.2009908044842542
Latvia,1992,0.9715447154471545,0.028455284552845527,0.1742958180089356
Latvia,1993,0.9866666666666667,0.013333333333333334,0.1742958180089356
Latvia,1994,0.9879518072289156,0.012048192771084338,0.1742958180089356
Latvia,1995,0.9857142857142858,0.014285714285714285,-0.0297573645634071
Latvia,1996,0.9897610921501706,0.010238907849829351,-0.6354956582834037
Latvia,1997,0.9913978494623656,0.008602150537634409,-0.769628519554734
Latvia,1998,0.9936440677966102,0.006355932203389831,-0.769628519554734
Latvia,1999,0.9958847736625515,0.00411522633744856,-0.769628519554734
Latvia,2000,0.996,0.004,-1.206273791352894
Latvia,2001,0.996,0.004,-1.1078145633984071
Mexico,1970,0.5885081164648287,0.41149188353517135,0.5873964918179793
Mexico,1971,0.5870191049463491,0.4129808950536509,0.5873964918179793
Mexico,1972,0.5148984198645599,0.4851015801354402,0.5873964918179793
Mexico,1973,0.4907563025210084,0.5092436974789916,0.5873964918179793
Mexico,1974,0.4537667899552268,0.5462332100447732,0.5873964918179793
Mexico,1975,0.414453717754173,0.585546282245827,0.5873964918179793
Mexico,1976,0.40656851642129105,0.5934314835787089,0.5873964918179793
Mexico,1977,0.29061049625133883,0.7093895037486612,0.5873964918179793
Mexico,1978,0.2222878228782288,0.7777121771217712,0.5873964918179793
Mexico,1979,0.20612617675987074,0.7938738232401292,0.5873964918179793
Mexico,1980,0.18865287870318614,0.8113471212968139,0.5873964918179793
Mexico,1981,0.1720177499347429,0.8279822500652572,0.5873964918179793
Mexico,1982,0.15306122448979592,0.8469387755102041,0.5873964918179793
Mexico,1983,0.11622241329893952,0.8837775867010604,-0.2352374924684236
Mexico,1984,0.12339637614072213,0.8766036238592779,-0.2352374924684236
Mexico,1985,0.13772131369103932,0.8622786863089607,-0.2352374924684236
Mexico,1986,0.11820069204152249,0.8817993079584775,-0.2352374924684236
Mexico,1987,0.17129023815755037,0.8287097618424496,-0.4043305143902602
Mexico,1988,0.11942409050006428,0.8805759094999357,-0.4043305143902602
Mexico,1989,0.1045726659024328,0.8954273340975671,-0.4043305143902602
Mexico,1990,0.08190695002871913,0.9180930499712808,-0.4043305143902602
Mexico,1992,0.0,1.0,-0.1838674604921695
Mexico,1993,0.0,1.0,-0.1838674604921695
Mexico,1994,0.0,1.0,-0.5812717356418021
Mexico,1995,0.0,1.0,-0.5812717356418021
Mexico,1996,0.0,1.0,-0.5812717356418021
Mexico,1997,0.0,1.0,-0.5812717356418021
Mexico,1998,0.0,1.0,-0.5812717356418021
Mexico,1999,0.0,1.0,-0.5812717356418021
Mexico,2000,0.0,1.0,-0.5812717356418021
Mexico,2001,0.0,1.0,-0.5434576843259484
Netherlands,1960,0.5679711637487127,0.43202883625128735,-0.7439435035666069
Netherlands,1961,0.5200405885337392,0.47995941146626075,-0.7439435035666069
Netherlands,1962,0.38572113080977477,0.6142788691902252,-0.7439435035666069
Netherlands,1963,0.29760888129803587,0.7023911187019641,-0.7439435035666069
Netherlands,1964,0.2222222222222222,0.7777777777777778,-0.7439435035666069
Netherlands,1965,0.24292527821939586,0.7570747217806041,-0.7439435035666069
Netherlands,1966,0.2754914004914005,0.7245085995085995,-0.7439435035666069
Netherlands,1967,0.2832403874376284,0.7167596125623716,-0.7439435035666069
Netherlands,1968,0.29727542487186404,0.7027245751281359,-0.7439435035666069
Netherlands,1969,0.21588983050847457,0.7841101694915255,-0.7439435035666069
Netherlands,1970,0.15785288270377734,0.8421471172962227,-0.7439435035666069
Netherlands,1971,0.14145189848514655,0.8585481015148534,-0.7439435035666069
Netherlands,1972,0.042248478338703904,0.9577515216612961,-0.7439435035666069
Netherlands,1973,0.016180654338549077,0.9838193456614509,-0.7439435035666069
Netherlands,1974,0.014212328767123288,0.9857876712328767,-0.7439435035666069
Netherlands,1975,0.008087930319369557,0.9919120696806304,-0.7439435035666069
Netherlands,1976,0.0028907303912121796,0.9971092696087879,-0.7439435035666069
Netherlands,1977,0.0,1.0,-0.7439435035666069
Netherlands,1978,0.0,1.0,-0.7439435035666069
Netherlands,1979,0.0,1.0,-0.7439435035666069
Netherlands,1980,0.0,1.0,-0.7439435035666069
Netherlands,1981,0.0,1.0,-0.8673742748428842
Netherlands,1982,0.0,1.0,-0.8673742748428842
Netherlands,1983,0.0,1.0,-0.8673742748428842
Netherlands,1984,0.0,1.0,-0.8673742748428842
Netherlands,1985,0.0,1.0,-0.8673742748428842
Netherlands,1986,0.0,1.0,-0.8673742748428842
Netherlands,1987,0.0,1.0,-0.8673742748428842
Netherlands,1988,0.0,1.0,-0.8673742748428842
Netherlands,1989,0.0,1.0,-0.8673742748428842
Netherlands,1990,0.0,1.0,-0.8673742748428842
Netherlands,1992,0.0,1.0,-0.8673742748428842
Netherlands,1993,0.0,1.0,-0.8673742748428842
Netherlands,1994,0.0,1.0,-0.8673742748428842
Netherlands,1995,0.0,1.0,-0.8673742748428842
Netherlands,1996,0.0,1.0,-0.8673742748428842
Netherlands,1997,0.0,1.0,-0.8673742748428842
Netherlands,1998,0.0,1.0,-0.8673742748428842
Netherlands,1999,0.0,1.0,-0.8673742748428842
Netherlands,2000,0.0,1.0,-0.8673742748428842
Netherlands,2001,0.0,1.0,-0.8673742748428842
Philippines,1970,0.0,1.0,-0.1182279751891781
Philippines,1971,0.0,1.0,-0.1182279751891781
Philippines,1972,0.0,1.0,0.2984400619515497
Philippines,1973,0.0,1.0,0.3640795472545411
Philippines,1974,0.0,1.0,0.3640795472545411
Philippines,1975,0.0,1.0,0.3640795472545411
Philippines,1976,0.0,1.0,0.3640795472545411
Philippines,1977,0.0,1.0,0.3640795472545411
Philippines,1978,0.0,1.0,0.3640795472545411
Philippines,1979,0.0,1.0,0.3640795472545411
Philippines,1980,0.0,1.0,0.3640795472545411
Philippines,1981,0.0,1.0,0.3640795472545411
Philippines,1982,0.0,1.0,0.3640795472545411
Philippines,1983,0.0,1.0,0.3640795472545411
Philippines,1984,0.0,1.0,0.3640795472545411
Philippines,1985,0.0,1.0,0.3640795472545411
Philippines,1986,0.0,1.0,-0.3807859164011437
Philippines,1987,0.0,1.0,-0.6262205136210246
Philippines,1988,0.0,1.0,-0.6262205136210246
Philippines,1989,0.0,1.0,-0.6262205136210246
Philippines,1990,0.0,1.0,-0.6262205136210246
Philippines,1992,0.16096579476861167,0.8390342052313883,-0.7318144682388803
Philippines,1993,0.16051364365971107,0.8394863563402889,-1.0443154960944263
Philippines,1994,0.2642706131078224,0.7357293868921776,-1.0443154960944263
Philippines,1995,0.2943722943722944,0.7056277056277056,-1.0443154960944263
Philippines,1996,0.34782608695652173,0.6521739130434783,-1.075708293413248
Philippines,1997,0.20408163265306123,0.7959183673469388,-1.075708293413248
Philippines,1998,0.11363636363636363,0.8863636363636364,-1.075708293413248
Philippines,1999,0.05660377358490566,0.9433962264150944,-1.075708293413248
Philippines,2000,0.0,1.0,-1.075708293413248
Philippines,2001,0.0,1.0,-1.075708293413248
Poland,1970,0.7976952624839949,0.2023047375160051,1.1367704448973637
Poland,1971,0.7484435337694065,0.2515564662305934,1.1367704448973637
Poland,1972,0.7421241422333126,0.2578758577666875,1.1367704448973637
Poland,1973,0.6874866614498115,0.31251333855018854,1.1367704448973637
Poland,1974,0.6771090959054685,0.3228909040945315,1.1367704448973637
Poland,1975,0.6658226161124808,0.33417738388751916,1.1367704448973637
Poland,1976,0.6402813299232737,0.35971867007672637,1.1367704448973637
Poland,1977,0.5630289781962895,0.43697102180371056,1.1367704448973637
Poland,1978,0.49532467532467533,0.5046753246753247,1.1367704448973637
Poland,1979,0.4713289624310542,0.5286710375689457,1.1367704448973637
Poland,1980,0.46712856043110085,0.5328714395688992,1.1367704448973637
Poland,1981,0.4777021439022839,0.5222978560977162,1.1367704448973637
Poland,1982,0.42622507603920246,0.5737749239607975,1.1367704448973637
Poland,1983,0.43051703950206444,0.5694829604979356,1.1367704448973637
Poland,1984,0.42722265932336745,0.5727773406766326,1.1367704448973637
Poland,1985,0.42777364110201044,0.5722263588979896,1.1367704448973637
Poland,1986,0.41365625911876275,0.5863437408812372,1.1367704448973637
Poland,1987,0.4125474175663846,0.5874525824336154,1.1367704448973637
Poland,1988,0.3925521821631879,0.6074478178368121,1.1367704448973637
Poland,1989,0.3570150440718404,0.6429849559281596,0.5881099644843161
Poland,1990,0.290881079891424,0.709118920108576,-0.1203683931881887
Poland,1992,0.18449062341611758,0.8155093765838825,-0.1203683931881887
Poland,1993,0.16705243031095904,0.8329475696890409,-0.1203683931881887
Poland,1994,0.14679146791467915,0.8532085320853209,-0.1203683931881887
Poland,1995,0.12837553630015983,0.8716244636998401,-0.4464254017041351
Poland,1996,0.1072010739284687,0.8927989260715313,-0.4464254017041351
Poland,1997,0.09126230357451218,0.9087376964254879,-0.7389491949022488
Poland,1998,0.0498285253177325,0.9501714746822675,-1.0471693867597738
Poland,1999,0.042726347914547304,0.9572736520854527,-1.0471693867597738
Poland,2000,0.03943608306344065,0.9605639169365593,-1.0471693867597738
Poland,2001,0.020081688223281144,0.9799183117767188,-1.0471693867597738
Romania,1970,0.6197053406998159,0.38029465930018413,2.6771579315186504
Romania,1971,0.6086445163187297,0.3913554836812702,2.6771579315186504
Romania,1972,0.5757330090528306,0.4242669909471693,2.6771579315186504
Romania,1973,0.5529411764705883,0.4470588235294118,2.6771579315186504
Romania,1974,0.5295248868778281,0.47047511312217194,2.6771579315186504
Romania,1975,0.4993193004503089,0.5006806995496911,2.6771579315186504
Romania,1976,0.44940747493163175,0.5505925250683683,2.6771579315186504
Romania,1977,0.44954608938547486,0.5504539106145251,2.6771579315186504
Romania,1978,0.40631632566431786,0.5936836743356821,2.6771579315186504
Romania,1979,0.3810040285094515,0.6189959714905485,2.6771579315186504
Romania,1980,0.3667552182163188,0.6332447817836813,2.6771579315186504
Romania,1981,0.3588483685220729,0.6411516314779271,2.6771579315186504
Romania,1982,0.33984375,0.66015625,2.6771579315186504
Romania,1983,0.335424442150401,0.664575557849599,2.6771579315186504
Romania,1984,0.3040315876974231,0.6959684123025769,2.6771579315186504
Romania,1985,0.3006668599594085,0.6993331400405914,2.6771579315186504
Romania,1986,0.29466974854661343,0.7053302514533866,2.6771579315186504
Romania,1987,0.27817136746424276,0.7218286325357572,2.6771579315186504
Romania,1988,0.27665222858739696,0.7233477714126031,2.6771579315186504
Romania,1989,0.24299389567147614,0.7570061043285239,2.6771579315186504
Romania,1990,0.21703916342013532,0.7829608365798647,0.5895369098169898
Romania,1992,0.16555059523809523,0.8344494047619048,0.5895369098169898
Romania,1993,0.17554168196841718,0.8244583180315828,0.5895369098169898
Romania,1994,0.17399551646835662,0.8260044835316434,0.4696735018723968
Romania,1995,0.14797864225781845,0.8520213577421816,0.0694153360574167
Romania,1996,0.15406116409075962,0.8459388359092403,0.0694153360574167
Romania,1997,0.1448906203176506,0.8551093796823495,0.0694153360574167
Romania,1998,0.10511496949788832,0.8948850305021117,0.0694153360574167
Romania,1999,0.05787781350482315,0.9421221864951769,0.0694153360574167
Romania,2000,0.0,1.0,-0.4214538583823449
Romania,2001,0.0,1.0,-0.4214538583823449
Russia,1970,0.7328177720428608,0.26718222795713925,3.1402016919712747
Russia,1971,0.7095713161815169,0.29042868381848314,3.1402016919712747
Russia,1973,0.6834897227955223,0.3165102772044776,3.1402016919712747
Russia,1974,0.6713462150421455,0.32865378495785447,3.1402016919712747
Russia,1975,0.652270944741533,0.34772905525846703,3.1402016919712747
Russia,1976,0.6383866481223922,0.3616133518776078,3.1402016919712747
Russia,1977,0.6277322404371585,0.3722677595628415,3.1402016919712747
Russia,1978,0.6160118360468665,0.3839881639531335,3.1402016919712747
Russia,1979,0.6103983794733289,0.3896016205266712,3.1402016919712747
Russia,1980,0.6052989130434783,0.39470108695652173,3.1402016919712747
Russia,1981,0.665273556231003,0.33472644376899696,3.1402016919712747
Russia,1982,0.5894808743169399,0.4105191256830601,3.1402016919712747
Russia,1983,0.5716162943495401,0.4283837056504599,3.1402016919712747
Russia,1984,0.5617612676971036,0.4382387323028965,3.1402016919712747
Russia,1985,0.5612757001780799,0.43872429982192,3.1402016919712747
Russia,1986,0.531030229791263,0.4689697702087369,2.2041255537373106
Russia,1987,0.5300087143007237,0.4699912856992763,2.2041255537373106
Russia,1988,0.525016722818516,0.47498327718148403,2.2041255537373106
Russia,1989,0.5221570208165383,0.47784297918346175,2.2041255537373106
Russia,1990,0.5173349919982376,0.4826650080017623,2.1049528531164863
Russia,1992,0.5000820662797117,0.49991793372028825,-0.025476528565386
Russia,1993,0.48181413047204413,0.5181858695279559,-0.025476528565386
Russia,1994,0.43368162261831594,0.5663183773816841,-0.0682848885455977
Russia,1995,0.4197100100798635,0.5802899899201365,-0.0682848885455977
Russia,1996,0.3587062454316576,0.6412937545683424,-0.0682848885455977
Russia,1997,0.3239607544686015,0.6760392455313985,-0.0682848885455977
Russia,1998,0.2781580868930267,0.7218419131069733,-0.0682848885455977
Russia,1999,0.2830518345952242,0.7169481654047758,-0.0682848885455977
Russia,2000,0.273696682464455,0.726303317535545,0.2128233419911261
Russia,2001,0.26342207902323217,0.7365779209767679,0.2128233419911261
South Africa,1974,0.2818052594171997,0.7181947405828003,-0.6490516389438041
South Africa,1975,0.16202611294635835,0.8379738870536416,-0.6490516389438041
South Africa,1976,0.13110020213687554,0.8688997978631244,-0.6490516389438041
South Africa,1977,0.0929616724738676,0.9070383275261324,-0.6490516389438041
South Africa,1978,0.10252100840336134,0.8974789915966387,-0.6490516389438041
South Africa,1979,0.09057386494584005,0.9094261350541599,-0.6490516389438041
South Africa,1980,0.07706194290872165,0.9229380570912783,-0.6490516389438041
South Africa,1981,0.05087029758562605,0.949129702414374,-0.6490516389438041
South Africa,1982,0.028825930966225412,0.9711740690337746,-0.6490516389438041
South Africa,1983,0.0,1.0,-0.6490516389438041
South Africa,1984,0.0,1.0,-0.6490516389438041
South Africa,1985,0.0,1.0,-0.6490516389438041
South Africa,1986,0.0,1.0,-0.6490516389438041
South Africa,1987,0.0,1.0,-0.6490516389438041
South Africa,1988,0.0,1.0,-0.6490516389438041
South Africa,1989,0.0,1.0,-0.6490516389438041
South Africa,1990,0.0,1.0,-0.8302736961933672
South Africa,1992,0.0,1.0,-0.8302736961933672
South Africa,1993,0.0,1.0,-0.8302736961933672
South Africa,1994,0.0,1.0,-0.8302736961933672
South Africa,1995,0.0,1.0,-0.8302736961933672
South Africa,1996,0.0,1.0,-0.8302736961933672
South Africa,1997,0.0,1.0,-0.9237386154834965
South Africa,1998,0.0,1.0,-0.9237386154834965
South Africa,1999,0.0,1.0,-0.9237386154834965
South Africa,2000,0.0,1.0,-0.9237386154834965
South Africa,2001,0.0,1.0,-0.9237386154834965
South Korea,1974,0.04962779156327544,0.9503722084367245,-0.48852028901801
South Korea,1975,0.036576444769568395,0.9634235552304315,-0.48852028901801
South Korea,1976,0.014240956992309883,0.9857590430076901,-0.48852028901801
South Korea,1977,0.022549470777726646,0.9774505292222734,-0.48852028901801
South Korea,1978,0.021734755484000806,0.9782652445159992,-0.48852028901801
South Korea,1979,0.01366622864651774,0.9863337713534822,-0.48852028901801
South Korea,1980,0.011684973124561814,0.9883150268754382,-0.5470250476576328
South Korea,1981,0.004928857063145169,0.9950711429368548,-0.5470250476576328
South Korea,1982,0.0,1.0,-0.5470250476576328
South Korea,1983,0.0,1.0,-0.5470250476576328
South Korea,1984,0.0,1.0,-0.5470250476576328
South Korea,1985,0.0,1.0,-0.5470250476576328
South Korea,1986,0.0,1.0,-0.5470250476576328
South Korea,1987,0.0,1.0,-0.7924596448775136
South Korea,1988,0.0,1.0,-0.7924596448775136
South Korea,1989,0.0,1.0,-0.7924596448775136
South Korea,1990,0.0,1.0,-0.7924596448775136
South Korea,1992,0.0,1.0,-0.7924596448775136
South Korea,1993,0.0,1.0,-0.7924596448775136
South Korea,1994,0.0,1.0,-0.9037613808260644
South Korea,1995,0.0,1.0,-0.9037613808260644
South Korea,1996,0.0,1.0,-0.9037613808260644
South Korea,1997,0.0,1.0,-1.0642927307518582
South Korea,1998,0.0,1.0,-0.8295602235270305
South Korea,1999,0.0,1.0,-0.8295602235270305
South Korea,2000,0.0,1.0,-0.8295602235270305
South Korea,2001,0.0,1.0,-0.8295602235270305
Spain,1960,0.7083333333333334,0.153125,-0.1082393578604621
Spain,1961,0.7279759346798453,0.1542758917060593,-0.1082393578604621
Spain,1962,0.7271487039563438,0.15688949522510232,-0.1082393578604621
Spain,1963,0.6834842604570935,0.2190599396291505,-0.1082393578604621
Spain,1964,0.5682539682539682,0.37206349206349204,-0.1082393578604621
Spain,1965,0.5149359886201992,0.41906116642958746,-0.1082393578604621
Spain,1966,0.45801923576813103,0.48427345983883546,-0.1082393578604621
Spain,1967,0.41932624113475175,0.5427748226950354,-0.1082393578604621
Spain,1968,0.37334958358724357,0.5996343692870201,-0.1082393578604621
Spain,1969,0.3087512291052114,0.6737135365453949,-0.1082393578604621
Spain,1970,0.2627187079407806,0.7372812920592193,-0.1082393578604621
Spain,1971,0.2134975622273544,0.7865024377726456,-0.1082393578604621
Spain,1972,0.1418402596043128,0.8581597403956872,-0.1082393578604621
Spain,1973,0.1347950781755944,0.8652049218244056,-0.1082393578604621
Spain,1974,0.1178086896788597,0.8821913103211403,-0.1082393578604621
Spain,1975,0.09785606262788007,0.90214393737212,-0.1082393578604621
Spain,1976,0.08379938661374707,0.9162006133862529,-0.332269775090237
Spain,1977,0.08560171919770773,0.9143982808022922,-0.332269775090237
Spain,1978,0.053591890700749226,0.9464081092992508,-0.332269775090237
Spain,1979,0.05345193406234699,0.9465480659376531,-0.6925734715903528
Spain,1980,0.05014632603021435,0.9498536739697857,-0.6925734715903528
Spain,1981,0.04660359801488834,0.9533964019851117,-0.6925734715903528
Spain,1982,0.03179541660342996,0.96820458339657,-0.6925734715903528
Spain,1983,0.019524944269351988,0.980475055730648,-0.8516778761834733
Spain,1984,0.0,1.0,-0.8516778761834733
Spain,1985,0.0,1.0,-0.8516778761834733
Spain,1986,0.0,1.0,-1.049309804758784
Spain,1987,0.0,1.0,-1.049309804758784
Spain,1988,0.0,1.0,-1.049309804758784
Spain,1989,0.0,1.0,-1.049309804758784
Spain,1990,0.0,1.0,-1.049309804758784
Spain,1992,0.0,1.0,-1.049309804758784
Spain,1993,0.0,1.0,-1.049309804758784
Spain,1994,0.0,1.0,-1.049309804758784
Spain,1995,0.0,1.0,-1.049309804758784
Spain,1996,0.0,1.0,-1.049309804758784
Spain,1997,0.0,1.0,-1.2248240806776525
Spain,1998,0.0,1.0,-1.2248240806776525
Spain,1999,0.0,1.0,-1.2248240806776525
Spain,2000,0.0,1.0,-1.2248240806776525
Spain,2001,0.0,1.0,-1.2469417333340953
Sweden,1960,0.33903045369794904,0.5242386575512741,-0.6925734715903528
Sweden,1961,0.3432584269662921,0.5129213483146068,-0.6925734715903528
Sweden,1962,0.3187603763143331,0.5575539568345323,-0.8074425708705877
Sweden,1963,0.31177531564029887,0.5738211801082196,-0.8074425708705877
Sweden,1964,0.3197569756975698,0.5774077407740774,-0.6611806742715308
Sweden,1965,0.32219166490374446,0.5988999365348001,-0.6611806742715308
Sweden,1966,0.30449391012179755,0.6652666946661067,-0.6611806742715308
Sweden,1967,0.28544463087248323,0.6944211409395973,-0.6611806742715308
Sweden,1968,0.27105004906771346,0.7197252208047105,-0.6611806742715308
Sweden,1969,0.25403983464862834,0.739195791055994,-0.6611806742715308
Sweden,1970,0.2319446971075132,0.7625977806076042,-0.6611806742715308
Sweden,1971,0.2238212459761409,0.769740579435713,-0.6611806742715308
Sweden,1972,0.21004391827382088,0.7899560817261791,-0.6611806742715308
Sweden,1973,0.20324916122196715,0.7967508387780329,-0.6611806742715308
Sweden,1974,0.19368842878610787,0.8063115712138922,-0.6611806742715308
Sweden,1975,0.15668449197860962,0.8433155080213903,-0.6611806742715308
Sweden,1976,0.13117944725574154,0.8688205527442585,-0.6611806742715308
Sweden,1977,0.10408266129032258,0.8959173387096774,-0.6611806742715308
Sweden,1978,0.07861271676300578,0.9213872832369943,-0.6611806742715308
Sweden,1979,0.0595816606803296,0.9404183393196704,-0.6611806742715308
Sweden,1980,0.048619306112815674,0.9513806938871844,-0.6611806742715308
Sweden,1981,0.025198938992042442,0.9748010610079576,-0.6611806742715308
Sweden,1982,0.0,1.0,-0.6611806742715308
Sweden,1983,0.0,1.0,-0.6611806742715308
Sweden,1984,0.0,1.0,-0.6611806742715308
Sweden,1985,0.0,1.0,-0.6611806742715308
Sweden,1986,0.0,1.0,-0.6611806742715308
Sweden,1987,0.0,1.0,-0.6611806742715308
Sweden,1988,0.0,1.0,-0.6611806742715308
Sweden,1989,0.0,1.0,-0.6611806742715308
Sweden,1990,0.0,1.0,-0.6611806742715308
Sweden,1992,0.0,1.0,-0.8481105128517887
Sweden,1993,0.0,1.0,-0.8481105128517887
Sweden,1994,0.0,1.0,-0.8481105128517887
Sweden,1995,0.0,1.0,-0.9494236314716236
Sweden,1996,0.0,1.0,-0.9494236314716236
Sweden,1997,0.0,1.0,-0.9494236314716236
Sweden,1998,0.0,1.0,-0.9494236314716236
Sweden,1999,0.0,1.0,-0.9494236314716236
Sweden,2000,0.0,1.0,-0.9494236314716236
Sweden,2001,0.0,1.0,-0.9494236314716236
Türkiye,1972,0.43754313319530713,0.5624568668046929,0.2213850139871685
Türkiye,1973,0.5055603079555175,0.49443969204448246,0.2213850139871685
Türkiye,1974,0.40440251572327046,0.5955974842767295,0.2213850139871685
Türkiye,1975,0.3669994128009395,0.6330005871990605,0.2213850139871685
Türkiye,1976,0.3093306288032454,0.6906693711967545,0.2213850139871685
Türkiye,1977,0.30546792849631965,0.6945320715036803,0.2213850139871685
Türkiye,1978,0.27532228360957645,0.7246777163904236,0.2213850139871685
Türkiye,1979,0.2428035043804756,0.7571964956195244,0.2213850139871685
Türkiye,1980,0.22555205047318613,0.7744479495268138,-0.2216815118080233
Türkiye,1981,0.2197938144329897,0.7802061855670103,-0.2216815118080233
Türkiye,1982,0.1696512723845429,0.8303487276154571,-0.2216815118080233
Türkiye,1983,0.1431924882629108,0.8568075117370892,-0.4078978777219444
Türkiye,1984,0.10600461893764435,0.8939953810623557,-0.6668884556022256
Türkiye,1985,0.10670230263157894,0.893297697368421,-0.6668884556022256
Türkiye,1986,0.10256410256410256,0.8974358974358975,-0.6668884556022256
Türkiye,1987,0.08446905167518455,0.9155309483248154,-0.6668884556022256
Türkiye,1988,0.07291405662741168,0.9270859433725883,-0.6668884556022256
Türkiye,1989,0.041287344531350176,0.9587126554686498,-0.6668884556022256
Türkiye,1990,0.06490023600085819,0.9350997639991419,-0.7874653362131555
Türkiye,1992,0.06400464081987818,0.9359953591801218,-0.7874653362131555
Türkiye,1993,0.06267905200104176,0.9373209479989583,-0.7874653362131555
Türkiye,1994,0.060842433697347896,0.9391575663026521,-0.7874653362131555
Türkiye,1995,0.04833294292183962,0.9516670570781603,-0.7874653362131555
Türkiye,1996,0.053654162307577344,0.9463458376924226,-0.7874653362131555
Türkiye,1997,0.0,1.0,-0.7874653362131555
Türkiye,1998,0.0,1.0,-0.7874653362131555
Türkiye,1999,0.0,1.0,-0.7874653362131555
Türkiye,2000,0.0,1.0,-0.7874653362131555
Türkiye,2001,0.0,1.0,-0.7874653362131555
Ukraine,1992,0.526173306820632,0.473826693179368,1.379351151451897
Ukraine,1993,0.5199632014719411,0.48003679852805886,0.7686185490675425
Ukraine,1994,0.4967401685976496,0.5032598314023504,0.7686185490675425
Ukraine,1995,0.5162273623812086,0.48377263761879147,0.3548044025921619
Ukraine,1996,0.4946713236611141,0.5053286763388859,0.3548044025921619
Ukraine,1997,0.4799641031643841,0.5200358968356159,0.3548044025921619
Ukraine,1998,0.4810799754551033,0.5189200245448967,0.3548044025921619
Ukraine,1999,0.43168324044730993,0.56831675955269,0.1914191620010203
Ukraine,2000,0.49998426039600846,0.5000157396039916,-0.3065847591021099
Ukraine,2001,0.48199830856590553,0.5180016914340945,-0.5712831183130861
United Kingdom,1960,0.8447863940068839,0.07394209354120267,0.0865386800495014
United Kingdom,1961,0.8321376052760572,0.08257207789314201,0.0865386800495014
United Kingdom,1962,0.8159942363112392,0.09731027857829011,0.0865386800495014
United Kingdom,1963,0.7623892640996404,0.15959126392421719,0.0865386800495014
United Kingdom,1964,0.7070380127963869,0.2267595031990967,0.0865386800495014
United Kingdom,1965,0.6390441740655486,0.3305564689977712,0.0865386800495014
United Kingdom,1966,0.5925009130381853,0.3996672483058069,0.0865386800495014
United Kingdom,1967,0.572212593876372,0.42011223900305356,0.0865386800495014
United Kingdom,1968,0.5492909423604757,0.4427035681610247,0.0865386800495014
United Kingdom,1969,0.5290363514219601,0.46122266178995297,0.0865386800495014
United Kingdom,1970,0.4679078882900539,0.5221880030797228,0.0865386800495014
United Kingdom,1971,0.4171620679758927,0.5730802345127302,0.0865386800495014
United Kingdom,1972,0.36994425335072945,0.6300557466492706,0.0865386800495014
United Kingdom,1973,0.3178536511995187,0.6821463488004813,0.0865386800495014
United Kingdom,1974,0.27723526249776026,0.7227647375022398,0.0865386800495014
United Kingdom,1975,0.22121604139715395,0.7787839586028461,0.0865386800495014
United Kingdom,1976,0.1807488551674598,0.8192511448325401,0.0865386800495014
United Kingdom,1977,0.16064866983489295,0.8393513301651071,0.0865386800495014
United Kingdom,1978,0.08684949042390823,0.9131505095760918,0.0865386800495014
United Kingdom,1979,0.05418122525040764,0.9458187747495923,0.0865386800495014
United Kingdom,1980,0.0,1.0,-0.7396626675685859
United Kingdom,1981,0.0,1.0,-0.967973920796382
United Kingdom,1982,0.0,1.0,-0.967973920796382
United Kingdom,1983,0.0,1.0,-0.967973920796382
United Kingdom,1984,0.0,1.0,-0.967973920796382
United Kingdom,1985,0.0,1.0,-0.967973920796382
United Kingdom,1986,0.0,1.0,-0.967973920796382
United Kingdom,1987,0.0,1.0,-0.967973920796382
United Kingdom,1988,0.0,1.0,-0.967973920796382
United Kingdom,1989,0.0,1.0,-0.967973920796382
United Kingdom,1990,0.0,1.0,-0.967973920796382
United Kingdom,1992,0.0,1.0,-1.071427457415227
United Kingdom,1993,0.0,1.0,-1.071427457415227
United Kingdom,1994,0.0,1.0,-1.071427457415227
United Kingdom,1995,0.0,1.0,-1.071427457415227
United Kingdom,1996,0.0,1.0,-1.071427457415227
United Kingdom,1997,0.0,1.0,-1.071427457415227
United Kingdom,1998,0.0,1.0,-1.071427457415227
United Kingdom,1999,0.0,1.0,-1.071427457415227
United Kingdom,2000,0.0,1.0,-1.071427457415227
United Kingdom,2001,0.0,1.0,-1.071427457415227
United States of America,1960,0.8699316072300928,0.11808855531376293,-1.134213052052871
United States of America,1961,0.8621426482826874,0.1288715445691536,-1.134213052052871
United States of America,1962,0.8436806349633417,0.1481356920248425,-1.134213052052871
United States of America,1963,0.8130347054075867,0.17813761097659403,-1.134213052052871
United States of America,1964,0.7732957012592271,0.21995657837603128,-0.9030479081597272
United States of America,1965,0.7179308316174308,0.27759801655670885,-0.9030479081597272
United States of America,1966,0.6339718819370221,0.3639562607909233,-0.9030479081597272
United States of America,1967,0.5570995561963158,0.44290044380368415,-0.9030479081597272
United States of America,1968,0.5041410565790249,0.4958589434209752,-0.9030479081597272
United States of America,1969,0.431936988677653,0.5680630113223469,-0.9030479081597272
United States of America,1970,0.36514734971669965,0.6348526502833004,-0.9030479081597272
United States of America,1971,0.29523905403426565,0.7047609459657344,-0.9030479081597272
United States of America,1972,0.2621986531429422,0.7378013468570578,-0.9030479081597272
United States of America,1973,0.2637953846041388,0.7362046153958612,-0.9030479081597272
United States of America,1974,0.24360981882824614,0.7563901811717538,-0.9030479081597272
United States of America,1975,0.1899901716186588,0.8100098283813412,-0.9030479081597272
United States of America,1976,0.18336203926972097,0.8166379607302791,-0.9030479081597272
United States of America,1977,0.1599208443271768,0.8400791556728232,-0.9030479081597272
United States of America,1978,0.15551068673429166,0.8444893132657083,-0.9030479081597272
United States of America,1979,0.1405159798523693,0.8594840201476307,-0.9030479081597272
United States of America,1980,0.11672284976442526,0.8832771502355747,-1.2134085180162626
United States of America,1981,0.11132803590814958,0.8886719640918505,-1.2134085180162626
United States of America,1982,0.08192917110086319,0.9180708288991368,-1.2134085180162626
United States of America,1983,0.07033336372992197,0.9296666362700781,-1.2134085180162626
United States of America,1984,0.09008923146570724,0.9099107685342928,-1.2134085180162626
United States of America,1985,0.07282559824149473,0.9271744017585053,-1.2134085180162626
United States of America,1986,0.04080667819321374,0.9591933218067863,-1.2134085180162626
United States of America,1987,0.029909615836393535,0.9700903841636065,-1.2134085180162626
United States of America,1988,0.05121897407611693,0.948781025923883,-1.2134085180162626
United States of America,1989,0.045353235174929084,0.9546467648250709,-1.2134085180162626
United States of America,1990,0.035669291338582675,0.9643307086614173,-1.2134085180162626
United States of America,1992,0.0,1.0,-1.2134085180162626
United States of America,1993,0.0,1.0,-1.2134085180162626
United States of America,1994,0.0,1.0,-1.2134085180162626
United States of America,1995,0.0,1.0,-1.2134085180162626
United States of America,1996,0.0,1.0,-1.2134085180162626
United States of America,1997,0.0,1.0,-1.2134085180162626
United States of America,1998,0.0,1.0,-1.2134085180162626
United States of America,1999,0.0,1.0,-1.2134085180162626
United States of America,2000,0.0,1.0,-1.2134085180162626
United States of America,2001,0.0,1.0,-1.2134085180162626
Uruguay,1970,0.8823529411764706,0.11764705882352941,-0.4164595497179868
Uruguay,1971,0.9285714285714286,0.07142857142857142,-0.4164595497179868
Uruguay,1972,0.9166666666666666,0.08333333333333333,-0.4164595497179868
Uruguay,1973,0.9166666666666666,0.08333333333333333,-0.4164595497179868
Uruguay,1974,0.9285714285714286,0.07142857142857142,-0.4164595497179868
Uruguay,1975,0.9375,0.0625,-0.4164595497179868
Uruguay,1976,0.875,0.125,-0.4164595497179868
Uruguay,1977,0.9473684210526315,0.05263157894736842,-0.4164595497179868
Uruguay,1978,0.8571428571428571,0.14285714285714285,-0.4164595497179868
Uruguay,1979,0.9375,0.0625,-0.4164595497179868
Uruguay,1980,0.4444444444444444,0.5555555555555556,-0.4164595497179868
Uruguay,1981,0.0,1.0,-0.4164595497179868
Uruguay,1982,0.0,1.0,-0.4164595497179868
Uruguay,1983,0.0,1.0,-0.4164595497179868
Uruguay,1984,0.0,1.0,-0.4164595497179868
Uruguay,1985,0.0,1.0,-0.4164595497179868
Uruguay,1986,0.0,1.0,-0.4164595497179868
Uruguay,1987,0.0,1.0,-0.4164595497179868
Uruguay,1988,0.0,1.0,-0.4164595497179868
Uruguay,1989,0.0,1.0,-0.4164595497179868
Uruguay,1990,0.0,1.0,-0.4164595497179868
Uruguay,1992,0.0,1.0,-0.4164595497179868
Uruguay,1993,0.0,1.0,-0.4164595497179868
Uruguay,1994,0.0,1.0,-0.4164595497179868
Uruguay,1995,0.0,1.0,-0.4164595497179868
Uruguay,1996,0.0,1.0,-0.4164595497179868
Uruguay,1997,0.0,1.0,-0.4164595497179868
Uruguay,1998,0.0,1.0,-0.4164595497179868
Uruguay,1999,0.0,1.0,-0.4164595497179868
Uruguay,2000,0.0,1.0,-0.4164595497179868
Uruguay,2001,0.0,1.0,-0.4164595497179868
Uzbekistan,1992,0.30158730158730157,0.6984126984126984,1.644049510662873
Uzbekistan,1993,0.2982456140350877,0.7017543859649122,1.2552069075092829
Uzbekistan,1994,0.3159340659340659,0.6840659340659341,1.2552069075092829
Uzbekistan,1995,0.2702702702702703,0.7297297297297297,1.2552069075092829
Uzbekistan,1996,0.29213483146067415,0.7078651685393258,1.2552069075092829
Uzbekistan,1997,0.3026315789473684,0.6973684210526315,0.9120265550012516
Uzbekistan,1998,0.3,0.7,0.9120265550012516
Uzbekistan,1999,0.2898550724637681,0.7101449275362319,0.9120265550012516
Uzbekistan,2000,0.2800982800982801,0.7199017199017199,1.041878580274561
Uzbekistan,2001,0.23094688221709006,0.76905311778291,1.041878580274561
Venezuela,1970,0.8520518358531317,0.14794816414686826,-0.8067290982042509
Venezuela,1971,0.8344155844155844,0.16558441558441558,-0.8067290982042509
Venezuela,1972,0.8580301685891748,0.1419698314108252,-0.8067290982042509
Venezuela,1973,0.8532455315145814,0.14675446848541862,-0.6383495489487512
Venezuela,1974,0.8468809073724007,0.15311909262759923,-0.2744784891169511
Venezuela,1975,0.8372727272727273,0.16272727272727272,0.0558593553970163
Venezuela,1976,0.8017057569296375,0.19829424307036247,0.0558593553970163
Venezuela,1977,0.7915690866510539,0.20843091334894615,0.0558593553970163
Venezuela,1978,0.7610722610722611,0.23892773892773891,0.0558593553970163
Venezuela,1979,0.48,0.52,0.0558593553970163
Venezuela,1980,0.32186234817813764,0.6781376518218624,0.0558593553970163
Venezuela,1981,0.279448003942829,0.720551996057171,0.0558593553970163
Venezuela,1982,0.18598382749326145,0.8140161725067385,0.0558593553970163
Venezuela,1983,0.16518800168990283,0.8348119983100971,0.0558593553970163
Venezuela,1984,0.19877565718401152,0.8012243428159884,0.0558593553970163
Venezuela,1985,0.15482815057283142,0.8451718494271686,0.0558593553970163
Venezuela,1986,0.17754262198706644,0.8224573780129336,0.0558593553970163
Venezuela,1987,0.15216216216216216,0.8478378378378378,0.0558593553970163
Venezuela,1988,0.15660998354360944,0.8433900164563906,-0.0832678145386719
Venezuela,1989,0.15367762128325507,0.8463223787167449,-0.160322862503053
Venezuela,1990,0.09379918161787851,0.9062008183821215,-0.160322862503053
Venezuela,1992,0.0,1.0,-0.160322862503053
Venezuela,1993,0.0,1.0,-0.160322862503053
Venezuela,1994,0.0,1.0,-0.3422583924189531
Venezuela,1995,0.0,1.0,-0.3422583924189531
Venezuela,1996,0.0,1.0,-0.3422583924189531
Venezuela,1997,0.0,1.0,-0.3422583924189531
Venezuela,1998,0.0,1.0,-0.3422583924189531
Venezuela,1999,0.0,1.0,0.2056886153277575
Venezuela,2000,0.0,1.0,0.2056886153277575
Venezuela,2001,0.0,1.0,0.2056886153277575
Vietnam,1992,0.1598173515981735,0.8401826484018264,0.442561540551596
Vietnam,1993,0.17037037037037037,0.8296296296296296,0.442561540551596
Vietnam,1994,0.0,1.0,0.442561540551596
Vietnam,1995,0.0,1.0,0.192846107333694
Vietnam,1996,0.0,1.0,0.192846107333694
Vietnam,1997,0.0,1.0,0.192846107333694
Vietnam,1998,0.0,1.0,0.192846107333694
Vietnam,1999,0.0,1.0,0.192846107333694
Vietnam,2000,0.0,1.0,0.192846107333694
Vietnam,2001,0.0,1.0,0.1371952393594187
